split,dataset,scenario,iteration,k,f1_score,accuracy
within,features,all,1,1,0.8013,0.8215
within,features,all,1,3,0.7940,0.8115
within,features,all,1,5,0.7890,0.8053
within,features,all,1,7,0.7896,0.8062
within,features,all,1,9,0.7893,0.8056
within,features,all,1,11,0.7861,0.8016
within,features,all,1,13,0.7813,0.7991
within,features,all,1,15,0.7802,0.7975
within,features,all,1,17,0.7757,0.7936
within,features,all,1,19,0.7782,0.7949
within,features,pca,1,1,0.7455,0.7649
within,features,pca,1,3,0.7373,0.7562
within,features,pca,1,5,0.7367,0.7525
within,features,pca,1,7,0.7314,0.7476
within,features,pca,1,9,0.7305,0.7485
within,features,pca,1,11,0.7268,0.7447
within,features,pca,1,13,0.7234,0.7422
within,features,pca,1,15,0.7233,0.7416
within,features,pca,1,17,0.7189,0.7371
within,features,pca,1,19,0.7179,0.7362
within,features,relieff,1,1,0.7496,0.7664
within,features,relieff,1,3,0.7425,0.7556
within,features,relieff,1,5,0.7414,0.7558
within,features,relieff,1,7,0.7352,0.7498
within,features,relieff,1,9,0.7371,0.7505
within,features,relieff,1,11,0.7344,0.7471
within,features,relieff,1,13,0.7323,0.7460
within,features,relieff,1,15,0.7265,0.7411
within,features,relieff,1,17,0.7177,0.7331
within,features,relieff,1,19,0.7206,0.7340
within,features,all,2,1,0.8087,0.8284
within,features,all,2,3,0.8011,0.8229
within,features,all,2,5,0.7910,0.8116
within,features,all,2,7,0.7893,0.8113
within,features,all,2,9,0.7916,0.8131
within,features,all,2,11,0.7833,0.8058
within,features,all,2,13,0.7823,0.8047
within,features,all,2,15,0.7836,0.8058
within,features,all,2,17,0.7841,0.8062
within,features,all,2,19,0.7826,0.8033
within,features,pca,2,1,0.7587,0.7785
within,features,pca,2,3,0.7489,0.7707
within,features,pca,2,5,0.7443,0.7651
within,features,pca,2,7,0.7418,0.7640
within,features,pca,2,9,0.7357,0.7565
within,features,pca,2,11,0.7303,0.7505
within,features,pca,2,13,0.7320,0.7505
within,features,pca,2,15,0.7271,0.7471
within,features,pca,2,17,0.7223,0.7418
within,features,pca,2,19,0.7194,0.7387
within,features,relieff,2,1,0.7078,0.7262
within,features,relieff,2,3,0.6965,0.7129
within,features,relieff,2,5,0.6870,0.7042
within,features,relieff,2,7,0.6837,0.7000
within,features,relieff,2,9,0.6824,0.6993
within,features,relieff,2,11,0.6816,0.6982
within,features,relieff,2,13,0.6756,0.6911
within,features,relieff,2,15,0.6707,0.6856
within,features,relieff,2,17,0.6648,0.6791
within,features,relieff,2,19,0.6621,0.6771
within,features,all,3,1,0.8091,0.8271
within,features,all,3,3,0.8023,0.8191
within,features,all,3,5,0.7984,0.8140
within,features,all,3,7,0.7991,0.8144
within,features,all,3,9,0.8013,0.8180
within,features,all,3,11,0.7999,0.8158
within,features,all,3,13,0.7975,0.8144
within,features,all,3,15,0.7955,0.8111
within,features,all,3,17,0.7905,0.8069
within,features,all,3,19,0.7875,0.8035
within,features,pca,3,1,0.7606,0.7793
within,features,pca,3,3,0.7531,0.7700
within,features,pca,3,5,0.7476,0.7638
within,features,pca,3,7,0.7439,0.7604
within,features,pca,3,9,0.7401,0.7560
within,features,pca,3,11,0.7397,0.7569
within,features,pca,3,13,0.7390,0.7562
within,features,pca,3,15,0.7347,0.7513
within,features,pca,3,17,0.7334,0.7513
within,features,pca,3,19,0.7254,0.7429
within,features,relieff,3,1,0.7199,0.7380
within,features,relieff,3,3,0.7183,0.7329
within,features,relieff,3,5,0.7117,0.7282
within,features,relieff,3,7,0.7077,0.7222
within,features,relieff,3,9,0.7058,0.7209
within,features,relieff,3,11,0.6999,0.7147
within,features,relieff,3,13,0.7088,0.7231
within,features,relieff,3,15,0.7029,0.7173
within,features,relieff,3,17,0.7004,0.7155
within,features,relieff,3,19,0.6988,0.7133
within,features,all,4,1,0.8062,0.8256
within,features,all,4,3,0.8063,0.8235
within,features,all,4,5,0.8090,0.8251
within,features,all,4,7,0.8017,0.8187
within,features,all,4,9,0.7961,0.8129
within,features,all,4,11,0.8021,0.8175
within,features,all,4,13,0.7937,0.8100
within,features,all,4,15,0.7937,0.8102
within,features,all,4,17,0.7904,0.8064
within,features,all,4,19,0.7919,0.8075
within,features,pca,4,1,0.7587,0.7787
within,features,pca,4,3,0.7572,0.7756
within,features,pca,4,5,0.7582,0.7755
within,features,pca,4,7,0.7525,0.7671
within,features,pca,4,9,0.7477,0.7615
within,features,pca,4,11,0.7506,0.7624
within,features,pca,4,13,0.7480,0.7596
within,features,pca,4,15,0.7446,0.7573
within,features,pca,4,17,0.7453,0.7578
within,features,pca,4,19,0.7433,0.7555
within,features,relieff,4,1,0.7518,0.7711
within,features,relieff,4,3,0.7556,0.7729
within,features,relieff,4,5,0.7502,0.7667
within,features,relieff,4,7,0.7495,0.7649
within,features,relieff,4,9,0.7528,0.7685
within,features,relieff,4,11,0.7530,0.7684
within,features,relieff,4,13,0.7537,0.7673
within,features,relieff,4,15,0.7476,0.7622
within,features,relieff,4,17,0.7460,0.7605
within,features,relieff,4,19,0.7422,0.7558
within,features,all,5,1,0.8137,0.8322
within,features,all,5,3,0.8124,0.8311
within,features,all,5,5,0.8043,0.8215
within,features,all,5,7,0.8022,0.8196
within,features,all,5,9,0.8006,0.8165
within,features,all,5,11,0.7956,0.8136
within,features,all,5,13,0.7931,0.8107
within,features,all,5,15,0.7966,0.8136
within,features,all,5,17,0.7950,0.8122
within,features,all,5,19,0.7942,0.8102
within,features,pca,5,1,0.7617,0.7798
within,features,pca,5,3,0.7560,0.7736
within,features,pca,5,5,0.7475,0.7655
within,features,pca,5,7,0.7372,0.7560
within,features,pca,5,9,0.7330,0.7536
within,features,pca,5,11,0.7324,0.7516
within,features,pca,5,13,0.7320,0.7493
within,features,pca,5,15,0.7265,0.7447
within,features,pca,5,17,0.7214,0.7389
within,features,pca,5,19,0.7229,0.7400
within,features,relieff,5,1,0.6947,0.7131
within,features,relieff,5,3,0.6847,0.7020
within,features,relieff,5,5,0.6819,0.6958
within,features,relieff,5,7,0.6741,0.6895
within,features,relieff,5,9,0.6728,0.6869
within,features,relieff,5,11,0.6619,0.6775
within,features,relieff,5,13,0.6571,0.6722
within,features,relieff,5,15,0.6585,0.6736
within,features,relieff,5,17,0.6546,0.6696
within,features,relieff,5,19,0.6587,0.6733
within,features,all,6,1,0.8036,0.8229
within,features,all,6,3,0.8030,0.8231
within,features,all,6,5,0.7991,0.8182
within,features,all,6,7,0.7994,0.8196
within,features,all,6,9,0.7903,0.8111
within,features,all,6,11,0.7909,0.8111
within,features,all,6,13,0.7895,0.8089
within,features,all,6,15,0.7892,0.8073
within,features,all,6,17,0.7868,0.8056
within,features,all,6,19,0.7862,0.8051
within,features,pca,6,1,0.7579,0.7758
within,features,pca,6,3,0.7437,0.7631
within,features,pca,6,5,0.7387,0.7587
within,features,pca,6,7,0.7386,0.7560
within,features,pca,6,9,0.7371,0.7536
within,features,pca,6,11,0.7329,0.7475
within,features,pca,6,13,0.7297,0.7449
within,features,pca,6,15,0.7334,0.7482
within,features,pca,6,17,0.7323,0.7476
within,features,pca,6,19,0.7287,0.7435
within,features,relieff,6,1,0.7151,0.7300
within,features,relieff,6,3,0.6984,0.7125
within,features,relieff,6,5,0.6957,0.7102
within,features,relieff,6,7,0.6908,0.7045
within,features,relieff,6,9,0.6891,0.7016
within,features,relieff,6,11,0.6834,0.6953
within,features,relieff,6,13,0.6867,0.6991
within,features,relieff,6,15,0.6807,0.6935
within,features,relieff,6,17,0.6827,0.6955
within,features,relieff,6,19,0.6768,0.6889
within,features,all,7,1,0.8047,0.8220
within,features,all,7,3,0.8038,0.8195
within,features,all,7,5,0.7957,0.8127
within,features,all,7,7,0.7933,0.8104
within,features,all,7,9,0.7920,0.8091
within,features,all,7,11,0.7952,0.8111
within,features,all,7,13,0.7945,0.8100
within,features,all,7,15,0.7941,0.8095
within,features,all,7,17,0.7909,0.8060
within,features,all,7,19,0.7869,0.8005
within,features,pca,7,1,0.7626,0.7793
within,features,pca,7,3,0.7574,0.7716
within,features,pca,7,5,0.7504,0.7667
within,features,pca,7,7,0.7435,0.7593
within,features,pca,7,9,0.7415,0.7573
within,features,pca,7,11,0.7442,0.7593
within,features,pca,7,13,0.7417,0.7562
within,features,pca,7,15,0.7408,0.7549
within,features,pca,7,17,0.7416,0.7551
within,features,pca,7,19,0.7386,0.7529
within,features,relieff,7,1,0.7131,0.7316
within,features,relieff,7,3,0.7063,0.7233
within,features,relieff,7,5,0.7006,0.7136
within,features,relieff,7,7,0.6977,0.7102
within,features,relieff,7,9,0.6933,0.7053
within,features,relieff,7,11,0.6969,0.7107
within,features,relieff,7,13,0.6948,0.7095
within,features,relieff,7,15,0.6888,0.7036
within,features,relieff,7,17,0.6855,0.7015
within,features,relieff,7,19,0.6825,0.6967
within,features,all,8,1,0.8116,0.8316
within,features,all,8,3,0.8036,0.8235
within,features,all,8,5,0.7983,0.8165
within,features,all,8,7,0.7937,0.8118
within,features,all,8,9,0.7933,0.8107
within,features,all,8,11,0.7899,0.8073
within,features,all,8,13,0.7866,0.8047
within,features,all,8,15,0.7860,0.8045
within,features,all,8,17,0.7833,0.8013
within,features,all,8,19,0.7829,0.8020
within,features,pca,8,1,0.7638,0.7836
within,features,pca,8,3,0.7504,0.7685
within,features,pca,8,5,0.7506,0.7667
within,features,pca,8,7,0.7426,0.7582
within,features,pca,8,9,0.7393,0.7549
within,features,pca,8,11,0.7328,0.7480
within,features,pca,8,13,0.7323,0.7496
within,features,pca,8,15,0.7275,0.7433
within,features,pca,8,17,0.7280,0.7440
within,features,pca,8,19,0.7227,0.7391
within,features,relieff,8,1,0.7181,0.7342
within,features,relieff,8,3,0.7124,0.7271
within,features,relieff,8,5,0.7054,0.7164
within,features,relieff,8,7,0.7030,0.7136
within,features,relieff,8,9,0.6950,0.7062
within,features,relieff,8,11,0.6909,0.7016
within,features,relieff,8,13,0.6914,0.7035
within,features,relieff,8,15,0.6929,0.7042
within,features,relieff,8,17,0.6898,0.6998
within,features,relieff,8,19,0.6889,0.6989
within,features,all,9,1,0.8064,0.8264
within,features,all,9,3,0.8008,0.8191
within,features,all,9,5,0.7969,0.8160
within,features,all,9,7,0.7923,0.8122
within,features,all,9,9,0.7916,0.8096
within,features,all,9,11,0.7916,0.8113
within,features,all,9,13,0.7879,0.8082
within,features,all,9,15,0.7889,0.8087
within,features,all,9,17,0.7869,0.8055
within,features,all,9,19,0.7844,0.8033
within,features,pca,9,1,0.7556,0.7744
within,features,pca,9,3,0.7466,0.7627
within,features,pca,9,5,0.7410,0.7582
within,features,pca,9,7,0.7370,0.7540
within,features,pca,9,9,0.7362,0.7542
within,features,pca,9,11,0.7350,0.7518
within,features,pca,9,13,0.7309,0.7480
within,features,pca,9,15,0.7292,0.7460
within,features,pca,9,17,0.7241,0.7413
within,features,pca,9,19,0.7218,0.7382
within,features,relieff,9,1,0.7358,0.7500
within,features,relieff,9,3,0.7354,0.7471
within,features,relieff,9,5,0.7300,0.7385
within,features,relieff,9,7,0.7239,0.7325
within,features,relieff,9,9,0.7223,0.7296
within,features,relieff,9,11,0.7188,0.7273
within,features,relieff,9,13,0.7135,0.7231
within,features,relieff,9,15,0.7136,0.7233
within,features,relieff,9,17,0.7119,0.7222
within,features,relieff,9,19,0.7074,0.7162
within,features,all,10,1,0.8025,0.8222
within,features,all,10,3,0.8010,0.8198
within,features,all,10,5,0.7960,0.8136
within,features,all,10,7,0.7970,0.8140
within,features,all,10,9,0.7939,0.8115
within,features,all,10,11,0.7915,0.8100
within,features,all,10,13,0.7882,0.8055
within,features,all,10,15,0.7837,0.8009
within,features,all,10,17,0.7832,0.8000
within,features,all,10,19,0.7791,0.7962
within,features,pca,10,1,0.7601,0.7787
within,features,pca,10,3,0.7565,0.7740
within,features,pca,10,5,0.7444,0.7611
within,features,pca,10,7,0.7348,0.7529
within,features,pca,10,9,0.7344,0.7516
within,features,pca,10,11,0.7308,0.7484
within,features,pca,10,13,0.7270,0.7447
within,features,pca,10,15,0.7237,0.7411
within,features,pca,10,17,0.7169,0.7331
within,features,pca,10,19,0.7170,0.7331
within,features,relieff,10,1,0.7319,0.7500
within,features,relieff,10,3,0.7325,0.7482
within,features,relieff,10,5,0.7192,0.7335
within,features,relieff,10,7,0.7232,0.7365
within,features,relieff,10,9,0.7201,0.7325
within,features,relieff,10,11,0.7184,0.7313
within,features,relieff,10,13,0.7131,0.7280
within,features,relieff,10,15,0.7146,0.7291
within,features,relieff,10,17,0.7139,0.7289
within,features,relieff,10,19,0.7140,0.7275
within,features,all,1,1,0.8013,0.8215
within,features,all,1,3,0.7940,0.8115
within,features,all,1,5,0.7890,0.8053
within,features,all,1,7,0.7896,0.8062
within,features,all,1,9,0.7893,0.8056
within,features,all,1,11,0.7861,0.8016
within,features,all,1,13,0.7813,0.7991
within,features,all,1,15,0.7802,0.7975
within,features,all,1,17,0.7757,0.7936
within,features,all,1,19,0.7782,0.7949
within,features,pca,1,1,0.7455,0.7649
within,features,pca,1,3,0.7373,0.7562
within,features,pca,1,5,0.7367,0.7525
within,features,pca,1,7,0.7314,0.7476
within,features,pca,1,9,0.7305,0.7485
within,features,pca,1,11,0.7268,0.7447
within,features,pca,1,13,0.7234,0.7422
within,features,pca,1,15,0.7233,0.7416
within,features,pca,1,17,0.7189,0.7371
within,features,pca,1,19,0.7179,0.7362
within,features,relieff,1,1,0.7496,0.7664
within,features,relieff,1,3,0.7425,0.7556
within,features,relieff,1,5,0.7414,0.7558
within,features,relieff,1,7,0.7352,0.7498
within,features,relieff,1,9,0.7371,0.7505
within,features,relieff,1,11,0.7344,0.7471
within,features,relieff,1,13,0.7323,0.7460
within,features,relieff,1,15,0.7265,0.7411
within,features,relieff,1,17,0.7177,0.7331
within,features,relieff,1,19,0.7206,0.7340
within,features,all,2,1,0.8087,0.8284
within,features,all,2,3,0.8011,0.8229
within,features,all,2,5,0.7910,0.8116
within,features,all,2,7,0.7893,0.8113
within,features,all,2,9,0.7916,0.8131
within,features,all,2,11,0.7833,0.8058
within,features,all,2,13,0.7823,0.8047
within,features,all,2,15,0.7836,0.8058
within,features,all,2,17,0.7841,0.8062
within,features,all,2,19,0.7826,0.8033
within,features,pca,2,1,0.7587,0.7785
within,features,pca,2,3,0.7489,0.7707
within,features,pca,2,5,0.7443,0.7651
within,features,pca,2,7,0.7418,0.7640
within,features,pca,2,9,0.7357,0.7565
within,features,pca,2,11,0.7303,0.7505
within,features,pca,2,13,0.7320,0.7505
within,features,pca,2,15,0.7271,0.7471
within,features,pca,2,17,0.7223,0.7418
within,features,pca,2,19,0.7194,0.7387
within,features,relieff,2,1,0.7078,0.7262
within,features,relieff,2,3,0.6965,0.7129
within,features,relieff,2,5,0.6870,0.7042
within,features,relieff,2,7,0.6837,0.7000
within,features,relieff,2,9,0.6824,0.6993
within,features,relieff,2,11,0.6816,0.6982
within,features,relieff,2,13,0.6756,0.6911
within,features,relieff,2,15,0.6707,0.6856
within,features,relieff,2,17,0.6648,0.6791
within,features,relieff,2,19,0.6621,0.6771
within,features,all,3,1,0.8091,0.8271
within,features,all,3,3,0.8023,0.8191
within,features,all,3,5,0.7984,0.8140
within,features,all,3,7,0.7991,0.8144
within,features,all,3,9,0.8013,0.8180
within,features,all,3,11,0.7999,0.8158
within,features,all,3,13,0.7975,0.8144
within,features,all,3,15,0.7955,0.8111
within,features,all,3,17,0.7905,0.8069
within,features,all,3,19,0.7875,0.8035
within,features,pca,3,1,0.7606,0.7793
within,features,pca,3,3,0.7531,0.7700
within,features,pca,3,5,0.7476,0.7638
within,features,pca,3,7,0.7439,0.7604
within,features,pca,3,9,0.7401,0.7560
within,features,pca,3,11,0.7397,0.7569
within,features,pca,3,13,0.7390,0.7562
within,features,pca,3,15,0.7347,0.7513
within,features,pca,3,17,0.7334,0.7513
within,features,pca,3,19,0.7254,0.7429
within,features,relieff,3,1,0.7199,0.7380
within,features,relieff,3,3,0.7183,0.7329
within,features,relieff,3,5,0.7117,0.7282
within,features,relieff,3,7,0.7077,0.7222
within,features,relieff,3,9,0.7058,0.7209
within,features,relieff,3,11,0.6999,0.7147
within,features,relieff,3,13,0.7088,0.7231
within,features,relieff,3,15,0.7029,0.7173
within,features,relieff,3,17,0.7004,0.7155
within,features,relieff,3,19,0.6988,0.7133
within,features,all,4,1,0.8062,0.8256
within,features,all,4,3,0.8063,0.8235
within,features,all,4,5,0.8090,0.8251
within,features,all,4,7,0.8017,0.8187
within,features,all,4,9,0.7961,0.8129
within,features,all,4,11,0.8021,0.8175
within,features,all,4,13,0.7937,0.8100
within,features,all,4,15,0.7937,0.8102
within,features,all,4,17,0.7904,0.8064
within,features,all,4,19,0.7919,0.8075
within,features,pca,4,1,0.7587,0.7787
within,features,pca,4,3,0.7572,0.7756
within,features,pca,4,5,0.7582,0.7755
within,features,pca,4,7,0.7525,0.7671
within,features,pca,4,9,0.7477,0.7615
within,features,pca,4,11,0.7506,0.7624
within,features,pca,4,13,0.7480,0.7596
within,features,pca,4,15,0.7446,0.7573
within,features,pca,4,17,0.7453,0.7578
within,features,pca,4,19,0.7433,0.7555
within,features,relieff,4,1,0.7518,0.7711
within,features,relieff,4,3,0.7556,0.7729
within,features,relieff,4,5,0.7502,0.7667
within,features,relieff,4,7,0.7495,0.7649
within,features,relieff,4,9,0.7528,0.7685
within,features,relieff,4,11,0.7530,0.7684
within,features,relieff,4,13,0.7537,0.7673
within,features,relieff,4,15,0.7476,0.7622
within,features,relieff,4,17,0.7460,0.7605
within,features,relieff,4,19,0.7422,0.7558
within,features,all,5,1,0.8137,0.8322
within,features,all,5,3,0.8124,0.8311
within,features,all,5,5,0.8043,0.8215
within,features,all,5,7,0.8022,0.8196
within,features,all,5,9,0.8006,0.8165
within,features,all,5,11,0.7956,0.8136
within,features,all,5,13,0.7931,0.8107
within,features,all,5,15,0.7966,0.8136
within,features,all,5,17,0.7950,0.8122
within,features,all,5,19,0.7942,0.8102
within,features,pca,5,1,0.7617,0.7798
within,features,pca,5,3,0.7560,0.7736
within,features,pca,5,5,0.7475,0.7655
within,features,pca,5,7,0.7372,0.7560
within,features,pca,5,9,0.7330,0.7536
within,features,pca,5,11,0.7324,0.7516
within,features,pca,5,13,0.7320,0.7493
within,features,pca,5,15,0.7265,0.7447
within,features,pca,5,17,0.7214,0.7389
within,features,pca,5,19,0.7229,0.7400
within,features,relieff,5,1,0.6947,0.7131
within,features,relieff,5,3,0.6847,0.7020
within,features,relieff,5,5,0.6819,0.6958
within,features,relieff,5,7,0.6741,0.6895
within,features,relieff,5,9,0.6728,0.6869
within,features,relieff,5,11,0.6619,0.6775
within,features,relieff,5,13,0.6571,0.6722
within,features,relieff,5,15,0.6585,0.6736
within,features,relieff,5,17,0.6546,0.6696
within,features,relieff,5,19,0.6587,0.6733
within,features,all,6,1,0.8036,0.8229
within,features,all,6,3,0.8030,0.8231
within,features,all,6,5,0.7991,0.8182
within,features,all,6,7,0.7994,0.8196
within,features,all,6,9,0.7903,0.8111
within,features,all,6,11,0.7909,0.8111
within,features,all,6,13,0.7895,0.8089
within,features,all,6,15,0.7892,0.8073
within,features,all,6,17,0.7868,0.8056
within,features,all,6,19,0.7862,0.8051
within,features,pca,6,1,0.7579,0.7758
within,features,pca,6,3,0.7437,0.7631
within,features,pca,6,5,0.7387,0.7587
within,features,pca,6,7,0.7386,0.7560
within,features,pca,6,9,0.7371,0.7536
within,features,pca,6,11,0.7329,0.7475
within,features,pca,6,13,0.7297,0.7449
within,features,pca,6,15,0.7334,0.7482
within,features,pca,6,17,0.7323,0.7476
within,features,pca,6,19,0.7287,0.7435
within,features,relieff,6,1,0.7151,0.7300
within,features,relieff,6,3,0.6984,0.7125
within,features,relieff,6,5,0.6957,0.7102
within,features,relieff,6,7,0.6908,0.7045
within,features,relieff,6,9,0.6891,0.7016
within,features,relieff,6,11,0.6834,0.6953
within,features,relieff,6,13,0.6867,0.6991
within,features,relieff,6,15,0.6807,0.6935
within,features,relieff,6,17,0.6827,0.6955
within,features,relieff,6,19,0.6768,0.6889
within,features,all,7,1,0.8047,0.8220
within,features,all,7,3,0.8038,0.8195
within,features,all,7,5,0.7957,0.8127
within,features,all,7,7,0.7933,0.8104
within,features,all,7,9,0.7920,0.8091
within,features,all,7,11,0.7952,0.8111
within,features,all,7,13,0.7945,0.8100
within,features,all,7,15,0.7941,0.8095
within,features,all,7,17,0.7909,0.8060
within,features,all,7,19,0.7869,0.8005
within,features,pca,7,1,0.7626,0.7793
within,features,pca,7,3,0.7574,0.7716
within,features,pca,7,5,0.7504,0.7667
within,features,pca,7,7,0.7435,0.7593
within,features,pca,7,9,0.7415,0.7573
within,features,pca,7,11,0.7442,0.7593
within,features,pca,7,13,0.7417,0.7562
within,features,pca,7,15,0.7408,0.7549
within,features,pca,7,17,0.7416,0.7551
within,features,pca,7,19,0.7386,0.7529
within,features,relieff,7,1,0.7131,0.7316
within,features,relieff,7,3,0.7063,0.7233
within,features,relieff,7,5,0.7006,0.7136
within,features,relieff,7,7,0.6977,0.7102
within,features,relieff,7,9,0.6933,0.7053
within,features,relieff,7,11,0.6969,0.7107
within,features,relieff,7,13,0.6948,0.7095
within,features,relieff,7,15,0.6888,0.7036
within,features,relieff,7,17,0.6855,0.7015
within,features,relieff,7,19,0.6825,0.6967
within,features,all,8,1,0.8116,0.8316
within,features,all,8,3,0.8036,0.8235
within,features,all,8,5,0.7983,0.8165
within,features,all,8,7,0.7937,0.8118
within,features,all,8,9,0.7933,0.8107
within,features,all,8,11,0.7899,0.8073
within,features,all,8,13,0.7866,0.8047
within,features,all,8,15,0.7860,0.8045
within,features,all,8,17,0.7833,0.8013
within,features,all,8,19,0.7829,0.8020
within,features,pca,8,1,0.7638,0.7836
within,features,pca,8,3,0.7504,0.7685
within,features,pca,8,5,0.7506,0.7667
within,features,pca,8,7,0.7426,0.7582
within,features,pca,8,9,0.7393,0.7549
within,features,pca,8,11,0.7328,0.7480
within,features,pca,8,13,0.7323,0.7496
within,features,pca,8,15,0.7275,0.7433
within,features,pca,8,17,0.7280,0.7440
within,features,pca,8,19,0.7227,0.7391
within,features,relieff,8,1,0.7181,0.7342
within,features,relieff,8,3,0.7124,0.7271
within,features,relieff,8,5,0.7054,0.7164
within,features,relieff,8,7,0.7030,0.7136
within,features,relieff,8,9,0.6950,0.7062
within,features,relieff,8,11,0.6909,0.7016
within,features,relieff,8,13,0.6914,0.7035
within,features,relieff,8,15,0.6929,0.7042
within,features,relieff,8,17,0.6898,0.6998
within,features,relieff,8,19,0.6889,0.6989
within,features,all,9,1,0.8064,0.8264
within,features,all,9,3,0.8008,0.8191
within,features,all,9,5,0.7969,0.8160
within,features,all,9,7,0.7923,0.8122
within,features,all,9,9,0.7916,0.8096
within,features,all,9,11,0.7916,0.8113
within,features,all,9,13,0.7879,0.8082
within,features,all,9,15,0.7889,0.8087
within,features,all,9,17,0.7869,0.8055
within,features,all,9,19,0.7844,0.8033
within,features,pca,9,1,0.7556,0.7744
within,features,pca,9,3,0.7466,0.7627
within,features,pca,9,5,0.7410,0.7582
within,features,pca,9,7,0.7370,0.7540
within,features,pca,9,9,0.7362,0.7542
within,features,pca,9,11,0.7350,0.7518
within,features,pca,9,13,0.7309,0.7480
within,features,pca,9,15,0.7292,0.7460
within,features,pca,9,17,0.7241,0.7413
within,features,pca,9,19,0.7218,0.7382
within,features,relieff,9,1,0.7358,0.7500
within,features,relieff,9,3,0.7354,0.7471
within,features,relieff,9,5,0.7300,0.7385
within,features,relieff,9,7,0.7239,0.7325
within,features,relieff,9,9,0.7223,0.7296
within,features,relieff,9,11,0.7188,0.7273
within,features,relieff,9,13,0.7135,0.7231
within,features,relieff,9,15,0.7136,0.7233
within,features,relieff,9,17,0.7119,0.7222
within,features,relieff,9,19,0.7074,0.7162
within,features,all,10,1,0.8025,0.8222
within,features,all,10,3,0.8010,0.8198
within,features,all,10,5,0.7960,0.8136
within,features,all,10,7,0.7970,0.8140
within,features,all,10,9,0.7939,0.8115
within,features,all,10,11,0.7915,0.8100
within,features,all,10,13,0.7882,0.8055
within,features,all,10,15,0.7837,0.8009
within,features,all,10,17,0.7832,0.8000
within,features,all,10,19,0.7791,0.7962
within,features,pca,10,1,0.7601,0.7787
within,features,pca,10,3,0.7565,0.7740
within,features,pca,10,5,0.7444,0.7611
within,features,pca,10,7,0.7348,0.7529
within,features,pca,10,9,0.7344,0.7516
within,features,pca,10,11,0.7308,0.7484
within,features,pca,10,13,0.7270,0.7447
within,features,pca,10,15,0.7237,0.7411
within,features,pca,10,17,0.7169,0.7331
within,features,pca,10,19,0.7170,0.7331
within,features,relieff,10,1,0.7319,0.7500
within,features,relieff,10,3,0.7325,0.7482
within,features,relieff,10,5,0.7192,0.7335
within,features,relieff,10,7,0.7232,0.7365
within,features,relieff,10,9,0.7201,0.7325
within,features,relieff,10,11,0.7184,0.7313
within,features,relieff,10,13,0.7131,0.7280
within,features,relieff,10,15,0.7146,0.7291
within,features,relieff,10,17,0.7139,0.7289
within,features,relieff,10,19,0.7140,0.7275
within,features,all,1,1,0.8013,0.8215
within,features,all,1,3,0.7940,0.8115
within,features,all,1,5,0.7890,0.8053
within,features,all,1,7,0.7896,0.8062
within,features,all,1,9,0.7893,0.8056
within,features,all,1,11,0.7861,0.8016
within,features,all,1,13,0.7813,0.7991
within,features,all,1,15,0.7802,0.7975
within,features,all,1,17,0.7757,0.7936
within,features,all,1,19,0.7782,0.7949
within,features,pca,1,1,0.7455,0.7649
within,features,pca,1,3,0.7373,0.7562
within,features,pca,1,5,0.7367,0.7525
within,features,pca,1,7,0.7314,0.7476
within,features,pca,1,9,0.7305,0.7485
within,features,pca,1,11,0.7268,0.7447
within,features,pca,1,13,0.7234,0.7422
within,features,pca,1,15,0.7233,0.7416
within,features,pca,1,17,0.7189,0.7371
within,features,pca,1,19,0.7179,0.7362
within,features,relieff,1,1,0.7496,0.7664
within,features,relieff,1,3,0.7425,0.7556
within,features,relieff,1,5,0.7414,0.7558
within,features,relieff,1,7,0.7352,0.7498
within,features,relieff,1,9,0.7371,0.7505
within,features,relieff,1,11,0.7344,0.7471
within,features,relieff,1,13,0.7323,0.7460
within,features,relieff,1,15,0.7265,0.7411
within,features,relieff,1,17,0.7177,0.7331
within,features,relieff,1,19,0.7206,0.7340
within,features,all,2,1,0.8087,0.8284
within,features,all,2,3,0.8011,0.8229
within,features,all,2,5,0.7910,0.8116
within,features,all,2,7,0.7893,0.8113
within,features,all,2,9,0.7916,0.8131
within,features,all,2,11,0.7833,0.8058
within,features,all,2,13,0.7823,0.8047
within,features,all,2,15,0.7836,0.8058
within,features,all,2,17,0.7841,0.8062
within,features,all,2,19,0.7826,0.8033
within,features,pca,2,1,0.7587,0.7785
within,features,pca,2,3,0.7489,0.7707
within,features,pca,2,5,0.7443,0.7651
within,features,pca,2,7,0.7418,0.7640
within,features,pca,2,9,0.7357,0.7565
within,features,pca,2,11,0.7303,0.7505
within,features,pca,2,13,0.7320,0.7505
within,features,pca,2,15,0.7271,0.7471
within,features,pca,2,17,0.7223,0.7418
within,features,pca,2,19,0.7194,0.7387
within,features,relieff,2,1,0.7078,0.7262
within,features,relieff,2,3,0.6965,0.7129
within,features,relieff,2,5,0.6870,0.7042
within,features,relieff,2,7,0.6837,0.7000
within,features,relieff,2,9,0.6824,0.6993
within,features,relieff,2,11,0.6816,0.6982
within,features,relieff,2,13,0.6756,0.6911
within,features,relieff,2,15,0.6707,0.6856
within,features,relieff,2,17,0.6648,0.6791
within,features,relieff,2,19,0.6621,0.6771
within,features,all,3,1,0.8091,0.8271
within,features,all,3,3,0.8023,0.8191
within,features,all,3,5,0.7984,0.8140
within,features,all,3,7,0.7991,0.8144
within,features,all,3,9,0.8013,0.8180
within,features,all,3,11,0.7999,0.8158
within,features,all,3,13,0.7975,0.8144
within,features,all,3,15,0.7955,0.8111
within,features,all,3,17,0.7905,0.8069
within,features,all,3,19,0.7875,0.8035
within,features,pca,3,1,0.7606,0.7793
within,features,pca,3,3,0.7531,0.7700
within,features,pca,3,5,0.7476,0.7638
within,features,pca,3,7,0.7439,0.7604
within,features,pca,3,9,0.7401,0.7560
within,features,pca,3,11,0.7397,0.7569
within,features,pca,3,13,0.7390,0.7562
within,features,pca,3,15,0.7347,0.7513
within,features,pca,3,17,0.7334,0.7513
within,features,pca,3,19,0.7254,0.7429
within,features,relieff,3,1,0.7199,0.7380
within,features,relieff,3,3,0.7183,0.7329
within,features,relieff,3,5,0.7117,0.7282
within,features,relieff,3,7,0.7077,0.7222
within,features,relieff,3,9,0.7058,0.7209
within,features,relieff,3,11,0.6999,0.7147
within,features,relieff,3,13,0.7088,0.7231
within,features,relieff,3,15,0.7029,0.7173
within,features,relieff,3,17,0.7004,0.7155
within,features,relieff,3,19,0.6988,0.7133
within,features,all,4,1,0.8062,0.8256
within,features,all,4,3,0.8063,0.8235
within,features,all,4,5,0.8090,0.8251
within,features,all,4,7,0.8017,0.8187
within,features,all,4,9,0.7961,0.8129
within,features,all,4,11,0.8021,0.8175
within,features,all,4,13,0.7937,0.8100
within,features,all,4,15,0.7937,0.8102
within,features,all,4,17,0.7904,0.8064
within,features,all,4,19,0.7919,0.8075
within,features,pca,4,1,0.7587,0.7787
within,features,pca,4,3,0.7572,0.7756
within,features,pca,4,5,0.7582,0.7755
within,features,pca,4,7,0.7525,0.7671
within,features,pca,4,9,0.7477,0.7615
within,features,pca,4,11,0.7506,0.7624
within,features,pca,4,13,0.7480,0.7596
within,features,pca,4,15,0.7446,0.7573
within,features,pca,4,17,0.7453,0.7578
within,features,pca,4,19,0.7433,0.7555
within,features,relieff,4,1,0.7518,0.7711
within,features,relieff,4,3,0.7556,0.7729
within,features,relieff,4,5,0.7502,0.7667
within,features,relieff,4,7,0.7495,0.7649
within,features,relieff,4,9,0.7528,0.7685
within,features,relieff,4,11,0.7530,0.7684
within,features,relieff,4,13,0.7537,0.7673
within,features,relieff,4,15,0.7476,0.7622
within,features,relieff,4,17,0.7460,0.7605
within,features,relieff,4,19,0.7422,0.7558
within,features,all,5,1,0.8137,0.8322
within,features,all,5,3,0.8124,0.8311
within,features,all,5,5,0.8043,0.8215
within,features,all,5,7,0.8022,0.8196
within,features,all,5,9,0.8006,0.8165
within,features,all,5,11,0.7956,0.8136
within,features,all,5,13,0.7931,0.8107
within,features,all,5,15,0.7966,0.8136
within,features,all,5,17,0.7950,0.8122
within,features,all,5,19,0.7942,0.8102
within,features,pca,5,1,0.7617,0.7798
within,features,pca,5,3,0.7560,0.7736
within,features,pca,5,5,0.7475,0.7655
within,features,pca,5,7,0.7372,0.7560
within,features,pca,5,9,0.7330,0.7536
within,features,pca,5,11,0.7324,0.7516
within,features,pca,5,13,0.7320,0.7493
within,features,pca,5,15,0.7265,0.7447
within,features,pca,5,17,0.7214,0.7389
within,features,pca,5,19,0.7229,0.7400
within,features,relieff,5,1,0.6947,0.7131
within,features,relieff,5,3,0.6847,0.7020
within,features,relieff,5,5,0.6819,0.6958
within,features,relieff,5,7,0.6741,0.6895
within,features,relieff,5,9,0.6728,0.6869
within,features,relieff,5,11,0.6619,0.6775
within,features,relieff,5,13,0.6571,0.6722
within,features,relieff,5,15,0.6585,0.6736
within,features,relieff,5,17,0.6546,0.6696
within,features,relieff,5,19,0.6587,0.6733
within,features,all,6,1,0.8036,0.8229
within,features,all,6,3,0.8030,0.8231
within,features,all,6,5,0.7991,0.8182
within,features,all,6,7,0.7994,0.8196
within,features,all,6,9,0.7903,0.8111
within,features,all,6,11,0.7909,0.8111
within,features,all,6,13,0.7895,0.8089
within,features,all,6,15,0.7892,0.8073
within,features,all,6,17,0.7868,0.8056
within,features,all,6,19,0.7862,0.8051
within,features,pca,6,1,0.7579,0.7758
within,features,pca,6,3,0.7437,0.7631
within,features,pca,6,5,0.7387,0.7587
within,features,pca,6,7,0.7386,0.7560
within,features,pca,6,9,0.7371,0.7536
within,features,pca,6,11,0.7329,0.7475
within,features,pca,6,13,0.7297,0.7449
within,features,pca,6,15,0.7334,0.7482
within,features,pca,6,17,0.7323,0.7476
within,features,pca,6,19,0.7287,0.7435
within,features,relieff,6,1,0.7151,0.7300
within,features,relieff,6,3,0.6984,0.7125
within,features,relieff,6,5,0.6957,0.7102
within,features,relieff,6,7,0.6908,0.7045
within,features,relieff,6,9,0.6891,0.7016
within,features,relieff,6,11,0.6834,0.6953
within,features,relieff,6,13,0.6867,0.6991
within,features,relieff,6,15,0.6807,0.6935
within,features,relieff,6,17,0.6827,0.6955
within,features,relieff,6,19,0.6768,0.6889
within,features,all,7,1,0.8047,0.8220
within,features,all,7,3,0.8038,0.8195
within,features,all,7,5,0.7957,0.8127
within,features,all,7,7,0.7933,0.8104
within,features,all,7,9,0.7920,0.8091
within,features,all,7,11,0.7952,0.8111
within,features,all,7,13,0.7945,0.8100
within,features,all,7,15,0.7941,0.8095
within,features,all,7,17,0.7909,0.8060
within,features,all,7,19,0.7869,0.8005
within,features,pca,7,1,0.7626,0.7793
within,features,pca,7,3,0.7574,0.7716
within,features,pca,7,5,0.7504,0.7667
within,features,pca,7,7,0.7435,0.7593
within,features,pca,7,9,0.7415,0.7573
within,features,pca,7,11,0.7442,0.7593
within,features,pca,7,13,0.7417,0.7562
within,features,pca,7,15,0.7408,0.7549
within,features,pca,7,17,0.7416,0.7551
within,features,pca,7,19,0.7386,0.7529
within,features,relieff,7,1,0.7131,0.7316
within,features,relieff,7,3,0.7063,0.7233
within,features,relieff,7,5,0.7006,0.7136
within,features,relieff,7,7,0.6977,0.7102
within,features,relieff,7,9,0.6933,0.7053
within,features,relieff,7,11,0.6969,0.7107
within,features,relieff,7,13,0.6948,0.7095
within,features,relieff,7,15,0.6888,0.7036
within,features,relieff,7,17,0.6855,0.7015
within,features,relieff,7,19,0.6825,0.6967
within,features,all,8,1,0.8116,0.8316
within,features,all,8,3,0.8036,0.8235
within,features,all,8,5,0.7983,0.8165
within,features,all,8,7,0.7937,0.8118
within,features,all,8,9,0.7933,0.8107
within,features,all,8,11,0.7899,0.8073
within,features,all,8,13,0.7866,0.8047
within,features,all,8,15,0.7860,0.8045
within,features,all,8,17,0.7833,0.8013
within,features,all,8,19,0.7829,0.8020
within,features,pca,8,1,0.7638,0.7836
within,features,pca,8,3,0.7504,0.7685
within,features,pca,8,5,0.7506,0.7667
within,features,pca,8,7,0.7426,0.7582
within,features,pca,8,9,0.7393,0.7549
within,features,pca,8,11,0.7328,0.7480
within,features,pca,8,13,0.7323,0.7496
within,features,pca,8,15,0.7275,0.7433
within,features,pca,8,17,0.7280,0.7440
within,features,pca,8,19,0.7227,0.7391
within,features,relieff,8,1,0.7181,0.7342
within,features,relieff,8,3,0.7124,0.7271
within,features,relieff,8,5,0.7054,0.7164
within,features,relieff,8,7,0.7030,0.7136
within,features,relieff,8,9,0.6950,0.7062
within,features,relieff,8,11,0.6909,0.7016
within,features,relieff,8,13,0.6914,0.7035
within,features,relieff,8,15,0.6929,0.7042
within,features,relieff,8,17,0.6898,0.6998
within,features,relieff,8,19,0.6889,0.6989
within,features,all,9,1,0.8064,0.8264
within,features,all,9,3,0.8008,0.8191
within,features,all,9,5,0.7969,0.8160
within,features,all,9,7,0.7923,0.8122
within,features,all,9,9,0.7916,0.8096
within,features,all,9,11,0.7916,0.8113
within,features,all,9,13,0.7879,0.8082
within,features,all,9,15,0.7889,0.8087
within,features,all,9,17,0.7869,0.8055
within,features,all,9,19,0.7844,0.8033
within,features,pca,9,1,0.7556,0.7744
within,features,pca,9,3,0.7466,0.7627
within,features,pca,9,5,0.7410,0.7582
within,features,pca,9,7,0.7370,0.7540
within,features,pca,9,9,0.7362,0.7542
within,features,pca,9,11,0.7350,0.7518
within,features,pca,9,13,0.7309,0.7480
within,features,pca,9,15,0.7292,0.7460
within,features,pca,9,17,0.7241,0.7413
within,features,pca,9,19,0.7218,0.7382
within,features,relieff,9,1,0.7358,0.7500
within,features,relieff,9,3,0.7354,0.7471
within,features,relieff,9,5,0.7300,0.7385
within,features,relieff,9,7,0.7239,0.7325
within,features,relieff,9,9,0.7223,0.7296
within,features,relieff,9,11,0.7188,0.7273
within,features,relieff,9,13,0.7135,0.7231
within,features,relieff,9,15,0.7136,0.7233
within,features,relieff,9,17,0.7119,0.7222
within,features,relieff,9,19,0.7074,0.7162
within,features,all,10,1,0.8025,0.8222
within,features,all,10,3,0.8010,0.8198
within,features,all,10,5,0.7960,0.8136
within,features,all,10,7,0.7970,0.8140
within,features,all,10,9,0.7939,0.8115
within,features,all,10,11,0.7915,0.8100
within,features,all,10,13,0.7882,0.8055
within,features,all,10,15,0.7837,0.8009
within,features,all,10,17,0.7832,0.8000
within,features,all,10,19,0.7791,0.7962
within,features,pca,10,1,0.7601,0.7787
within,features,pca,10,3,0.7565,0.7740
within,features,pca,10,5,0.7444,0.7611
within,features,pca,10,7,0.7348,0.7529
within,features,pca,10,9,0.7344,0.7516
within,features,pca,10,11,0.7308,0.7484
within,features,pca,10,13,0.7270,0.7447
within,features,pca,10,15,0.7237,0.7411
within,features,pca,10,17,0.7169,0.7331
within,features,pca,10,19,0.7170,0.7331
within,features,relieff,10,1,0.7319,0.7500
within,features,relieff,10,3,0.7325,0.7482
within,features,relieff,10,5,0.7192,0.7335
within,features,relieff,10,7,0.7232,0.7365
within,features,relieff,10,9,0.7201,0.7325
within,features,relieff,10,11,0.7184,0.7313
within,features,relieff,10,13,0.7131,0.7280
within,features,relieff,10,15,0.7146,0.7291
within,features,relieff,10,17,0.7139,0.7289
within,features,relieff,10,19,0.7140,0.7275
within,embeddings,all,1,1,0.6698,0.6984
within,embeddings,all,1,3,0.6634,0.6904
within,embeddings,all,1,5,0.6576,0.6853
within,embeddings,all,1,7,0.6515,0.6780
within,embeddings,all,1,9,0.6503,0.6782
within,embeddings,all,1,11,0.6448,0.6709
within,embeddings,all,1,13,0.6405,0.6669
within,embeddings,all,1,15,0.6373,0.6647
within,embeddings,all,1,17,0.6345,0.6622
within,embeddings,all,1,19,0.6340,0.6611
within,embeddings,pca,1,1,0.5684,0.6020
within,embeddings,pca,1,3,0.5774,0.6087
within,embeddings,pca,1,5,0.5792,0.6082
within,embeddings,pca,1,7,0.5797,0.6080
within,embeddings,pca,1,9,0.5783,0.6071
within,embeddings,pca,1,11,0.5761,0.6042
within,embeddings,pca,1,13,0.5802,0.6085
within,embeddings,pca,1,15,0.5764,0.6047
within,embeddings,pca,1,17,0.5785,0.6067
within,embeddings,pca,1,19,0.5771,0.6053
within,embeddings,relieff,1,1,0.5439,0.5880
within,embeddings,relieff,1,3,0.5481,0.5929
within,embeddings,relieff,1,5,0.5377,0.5851
within,embeddings,relieff,1,7,0.5503,0.5947
within,embeddings,relieff,1,9,0.5540,0.5978
within,embeddings,relieff,1,11,0.5573,0.5998
within,embeddings,relieff,1,13,0.5529,0.5945
within,embeddings,relieff,1,15,0.5451,0.5915
within,embeddings,relieff,1,17,0.5441,0.5893
within,embeddings,relieff,1,19,0.5509,0.5933
within,embeddings,all,2,1,0.6605,0.6927
within,embeddings,all,2,3,0.6640,0.6935
within,embeddings,all,2,5,0.6628,0.6915
within,embeddings,all,2,7,0.6556,0.6847
within,embeddings,all,2,9,0.6527,0.6802
within,embeddings,all,2,11,0.6486,0.6771
within,embeddings,all,2,13,0.6414,0.6696
within,embeddings,all,2,15,0.6399,0.6678
within,embeddings,all,2,17,0.6370,0.6633
within,embeddings,all,2,19,0.6340,0.6605
within,embeddings,pca,2,1,0.5579,0.5916
within,embeddings,pca,2,3,0.5668,0.5987
within,embeddings,pca,2,5,0.5719,0.6027
within,embeddings,pca,2,7,0.5757,0.6055
within,embeddings,pca,2,9,0.5759,0.6058
within,embeddings,pca,2,11,0.5772,0.6065
within,embeddings,pca,2,13,0.5751,0.6035
within,embeddings,pca,2,15,0.5750,0.6025
within,embeddings,pca,2,17,0.5735,0.6018
within,embeddings,pca,2,19,0.5765,0.6056
within,embeddings,relieff,2,1,0.5202,0.5713
within,embeddings,relieff,2,3,0.5164,0.5658
within,embeddings,relieff,2,5,0.5195,0.5680
within,embeddings,relieff,2,7,0.5167,0.5620
within,embeddings,relieff,2,9,0.5207,0.5647
within,embeddings,relieff,2,11,0.5246,0.5675
within,embeddings,relieff,2,13,0.5266,0.5684
within,embeddings,relieff,2,15,0.5259,0.5676
within,embeddings,relieff,2,17,0.5299,0.5718
within,embeddings,relieff,2,19,0.5305,0.5720
within,embeddings,all,3,1,0.6648,0.6964
within,embeddings,all,3,3,0.6627,0.6911
within,embeddings,all,3,5,0.6557,0.6851
within,embeddings,all,3,7,0.6543,0.6829
within,embeddings,all,3,9,0.6504,0.6785
within,embeddings,all,3,11,0.6511,0.6789
within,embeddings,all,3,13,0.6458,0.6736
within,embeddings,all,3,15,0.6445,0.6718
within,embeddings,all,3,17,0.6435,0.6700
within,embeddings,all,3,19,0.6431,0.6689
within,embeddings,pca,3,1,0.5695,0.6042
within,embeddings,pca,3,3,0.5737,0.6067
within,embeddings,pca,3,5,0.5725,0.6047
within,embeddings,pca,3,7,0.5720,0.6022
within,embeddings,pca,3,9,0.5690,0.5996
within,embeddings,pca,3,11,0.5725,0.6025
within,embeddings,pca,3,13,0.5740,0.6036
within,embeddings,pca,3,15,0.5714,0.6007
within,embeddings,pca,3,17,0.5707,0.5987
within,embeddings,pca,3,19,0.5715,0.5995
within,embeddings,relieff,3,1,0.5405,0.5900
within,embeddings,relieff,3,3,0.5493,0.5967
within,embeddings,relieff,3,5,0.5518,0.5962
within,embeddings,relieff,3,7,0.5543,0.5984
within,embeddings,relieff,3,9,0.5550,0.5976
within,embeddings,relieff,3,11,0.5538,0.5982
within,embeddings,relieff,3,13,0.5541,0.5973
within,embeddings,relieff,3,15,0.5573,0.5980
within,embeddings,relieff,3,17,0.5558,0.5989
within,embeddings,relieff,3,19,0.5512,0.5944
within,embeddings,all,4,1,0.6712,0.6996
within,embeddings,all,4,3,0.6666,0.6975
within,embeddings,all,4,5,0.6536,0.6851
within,embeddings,all,4,7,0.6526,0.6809
within,embeddings,all,4,9,0.6518,0.6795
within,embeddings,all,4,11,0.6504,0.6784
within,embeddings,all,4,13,0.6485,0.6760
within,embeddings,all,4,15,0.6435,0.6724
within,embeddings,all,4,17,0.6442,0.6725
within,embeddings,all,4,19,0.6414,0.6696
within,embeddings,pca,4,1,0.5616,0.5942
within,embeddings,pca,4,3,0.5685,0.6004
within,embeddings,pca,4,5,0.5714,0.6033
within,embeddings,pca,4,7,0.5684,0.6004
within,embeddings,pca,4,9,0.5683,0.5996
within,embeddings,pca,4,11,0.5707,0.6011
within,embeddings,pca,4,13,0.5705,0.5998
within,embeddings,pca,4,15,0.5693,0.5987
within,embeddings,pca,4,17,0.5653,0.5945
within,embeddings,pca,4,19,0.5665,0.5958
within,embeddings,relieff,4,1,0.4844,0.5095
within,embeddings,relieff,4,3,0.4870,0.5133
within,embeddings,relieff,4,5,0.5191,0.5671
within,embeddings,relieff,4,7,0.5164,0.5629
within,embeddings,relieff,4,9,0.5166,0.5642
within,embeddings,relieff,4,11,0.5187,0.5656
within,embeddings,relieff,4,13,0.5157,0.5624
within,embeddings,relieff,4,15,0.5171,0.5622
within,embeddings,relieff,4,17,0.5244,0.5698
within,embeddings,relieff,4,19,0.5240,0.5696
within,embeddings,all,5,1,0.6655,0.6947
within,embeddings,all,5,3,0.6678,0.6953
within,embeddings,all,5,5,0.6642,0.6924
within,embeddings,all,5,7,0.6564,0.6836
within,embeddings,all,5,9,0.6541,0.6815
within,embeddings,all,5,11,0.6507,0.6787
within,embeddings,all,5,13,0.6518,0.6782
within,embeddings,all,5,15,0.6498,0.6758
within,embeddings,all,5,17,0.6455,0.6720
within,embeddings,all,5,19,0.6460,0.6709
within,embeddings,pca,5,1,0.5595,0.5913
within,embeddings,pca,5,3,0.5637,0.5951
within,embeddings,pca,5,5,0.5729,0.6033
within,embeddings,pca,5,7,0.5769,0.6056
within,embeddings,pca,5,9,0.5756,0.6040
within,embeddings,pca,5,11,0.5746,0.6027
within,embeddings,pca,5,13,0.5771,0.6044
within,embeddings,pca,5,15,0.5756,0.6020
within,embeddings,pca,5,17,0.5727,0.5996
within,embeddings,pca,5,19,0.5703,0.5956
within,embeddings,relieff,5,1,0.5176,0.5360
within,embeddings,relieff,5,3,0.5172,0.5336
within,embeddings,relieff,5,5,0.5483,0.5935
within,embeddings,relieff,5,7,0.5487,0.5945
within,embeddings,relieff,5,9,0.5471,0.5916
within,embeddings,relieff,5,11,0.5463,0.5905
within,embeddings,relieff,5,13,0.5496,0.5940
within,embeddings,relieff,5,15,0.5476,0.5922
within,embeddings,relieff,5,17,0.5468,0.5911
within,embeddings,relieff,5,19,0.5434,0.5876
within,embeddings,all,6,1,0.6636,0.6929
within,embeddings,all,6,3,0.6683,0.6985
within,embeddings,all,6,5,0.6658,0.6938
within,embeddings,all,6,7,0.6636,0.6916
within,embeddings,all,6,9,0.6517,0.6796
within,embeddings,all,6,11,0.6485,0.6765
within,embeddings,all,6,13,0.6489,0.6762
within,embeddings,all,6,15,0.6504,0.6765
within,embeddings,all,6,17,0.6501,0.6758
within,embeddings,all,6,19,0.6468,0.6720
within,embeddings,pca,6,1,0.5630,0.5958
within,embeddings,pca,6,3,0.5681,0.6000
within,embeddings,pca,6,5,0.5702,0.6009
within,embeddings,pca,6,7,0.5771,0.6093
within,embeddings,pca,6,9,0.5793,0.6105
within,embeddings,pca,6,11,0.5777,0.6087
within,embeddings,pca,6,13,0.5782,0.6082
within,embeddings,pca,6,15,0.5808,0.6104
within,embeddings,pca,6,17,0.5801,0.6098
within,embeddings,pca,6,19,0.5800,0.6098
within,embeddings,relieff,6,1,0.5112,0.5307
within,embeddings,relieff,6,3,0.5487,0.5909
within,embeddings,relieff,6,5,0.5458,0.5884
within,embeddings,relieff,6,7,0.5511,0.5938
within,embeddings,relieff,6,9,0.5562,0.5985
within,embeddings,relieff,6,11,0.5549,0.5960
within,embeddings,relieff,6,13,0.5537,0.5947
within,embeddings,relieff,6,15,0.5540,0.5944
within,embeddings,relieff,6,17,0.5526,0.5929
within,embeddings,relieff,6,19,0.5532,0.5942
within,embeddings,all,7,1,0.6617,0.6918
within,embeddings,all,7,3,0.6663,0.6965
within,embeddings,all,7,5,0.6583,0.6882
within,embeddings,all,7,7,0.6542,0.6844
within,embeddings,all,7,9,0.6471,0.6780
within,embeddings,all,7,11,0.6468,0.6773
within,embeddings,all,7,13,0.6435,0.6733
within,embeddings,all,7,15,0.6434,0.6724
within,embeddings,all,7,17,0.6397,0.6678
within,embeddings,all,7,19,0.6356,0.6640
within,embeddings,pca,7,1,0.5766,0.6107
within,embeddings,pca,7,3,0.5788,0.6102
within,embeddings,pca,7,5,0.5763,0.6060
within,embeddings,pca,7,7,0.5761,0.6067
within,embeddings,pca,7,9,0.5791,0.6096
within,embeddings,pca,7,11,0.5813,0.6120
within,embeddings,pca,7,13,0.5804,0.6098
within,embeddings,pca,7,15,0.5806,0.6098
within,embeddings,pca,7,17,0.5828,0.6122
within,embeddings,pca,7,19,0.5834,0.6133
within,embeddings,relieff,7,1,0.5337,0.5829
within,embeddings,relieff,7,3,0.5406,0.5860
within,embeddings,relieff,7,5,0.5440,0.5871
within,embeddings,relieff,7,7,0.5453,0.5869
within,embeddings,relieff,7,9,0.5413,0.5845
within,embeddings,relieff,7,11,0.5410,0.5844
within,embeddings,relieff,7,13,0.5419,0.5860
within,embeddings,relieff,7,15,0.5418,0.5847
within,embeddings,relieff,7,17,0.5405,0.5827
within,embeddings,relieff,7,19,0.5374,0.5807
within,embeddings,all,8,1,0.6678,0.6971
within,embeddings,all,8,3,0.6637,0.6920
within,embeddings,all,8,5,0.6592,0.6878
within,embeddings,all,8,7,0.6544,0.6831
within,embeddings,all,8,9,0.6498,0.6782
within,embeddings,all,8,11,0.6451,0.6742
within,embeddings,all,8,13,0.6449,0.6735
within,embeddings,all,8,15,0.6413,0.6707
within,embeddings,all,8,17,0.6377,0.6669
within,embeddings,all,8,19,0.6386,0.6664
within,embeddings,pca,8,1,0.5693,0.6007
within,embeddings,pca,8,3,0.5692,0.6005
within,embeddings,pca,8,5,0.5708,0.6020
within,embeddings,pca,8,7,0.5748,0.6042
within,embeddings,pca,8,9,0.5719,0.5995
within,embeddings,pca,8,11,0.5751,0.6024
within,embeddings,pca,8,13,0.5701,0.5976
within,embeddings,pca,8,15,0.5714,0.6004
within,embeddings,pca,8,17,0.5681,0.5962
within,embeddings,pca,8,19,0.5668,0.5951
within,embeddings,relieff,8,1,0.5507,0.5969
within,embeddings,relieff,8,3,0.5549,0.5967
within,embeddings,relieff,8,5,0.5559,0.5993
within,embeddings,relieff,8,7,0.5589,0.6009
within,embeddings,relieff,8,9,0.5590,0.6000
within,embeddings,relieff,8,11,0.5626,0.6031
within,embeddings,relieff,8,13,0.5610,0.6018
within,embeddings,relieff,8,15,0.5618,0.6018
within,embeddings,relieff,8,17,0.5614,0.6016
within,embeddings,relieff,8,19,0.5598,0.5995
within,embeddings,all,9,1,0.6740,0.7038
within,embeddings,all,9,3,0.6649,0.6958
within,embeddings,all,9,5,0.6610,0.6896
within,embeddings,all,9,7,0.6591,0.6882
within,embeddings,all,9,9,0.6568,0.6853
within,embeddings,all,9,11,0.6531,0.6813
within,embeddings,all,9,13,0.6509,0.6787
within,embeddings,all,9,15,0.6486,0.6769
within,embeddings,all,9,17,0.6471,0.6744
within,embeddings,all,9,19,0.6449,0.6720
within,embeddings,pca,9,1,0.5577,0.5953
within,embeddings,pca,9,3,0.5648,0.6000
within,embeddings,pca,9,5,0.5705,0.6044
within,embeddings,pca,9,7,0.5680,0.6016
within,embeddings,pca,9,9,0.5725,0.6056
within,embeddings,pca,9,11,0.5698,0.6036
within,embeddings,pca,9,13,0.5704,0.6027
within,embeddings,pca,9,15,0.5728,0.6053
within,embeddings,pca,9,17,0.5714,0.6031
within,embeddings,pca,9,19,0.5738,0.6047
within,embeddings,relieff,9,1,0.5040,0.5582
within,embeddings,relieff,9,3,0.5144,0.5645
within,embeddings,relieff,9,5,0.5229,0.5705
within,embeddings,relieff,9,7,0.5201,0.5667
within,embeddings,relieff,9,9,0.5254,0.5716
within,embeddings,relieff,9,11,0.5268,0.5724
within,embeddings,relieff,9,13,0.5209,0.5658
within,embeddings,relieff,9,15,0.5203,0.5655
within,embeddings,relieff,9,17,0.5202,0.5642
within,embeddings,relieff,9,19,0.5188,0.5624
within,embeddings,all,10,1,0.6639,0.6945
within,embeddings,all,10,3,0.6664,0.6973
within,embeddings,all,10,5,0.6689,0.6984
within,embeddings,all,10,7,0.6590,0.6900
within,embeddings,all,10,9,0.6574,0.6869
within,embeddings,all,10,11,0.6510,0.6804
within,embeddings,all,10,13,0.6497,0.6798
within,embeddings,all,10,15,0.6465,0.6751
within,embeddings,all,10,17,0.6416,0.6718
within,embeddings,all,10,19,0.6392,0.6696
within,embeddings,pca,10,1,0.5628,0.5956
within,embeddings,pca,10,3,0.5762,0.6062
within,embeddings,pca,10,5,0.5760,0.6044
within,embeddings,pca,10,7,0.5768,0.6051
within,embeddings,pca,10,9,0.5799,0.6085
within,embeddings,pca,10,11,0.5829,0.6115
within,embeddings,pca,10,13,0.5823,0.6105
within,embeddings,pca,10,15,0.5832,0.6107
within,embeddings,pca,10,17,0.5812,0.6093
within,embeddings,pca,10,19,0.5793,0.6084
within,embeddings,relieff,10,1,0.5358,0.5847
within,embeddings,relieff,10,3,0.5392,0.5851
within,embeddings,relieff,10,5,0.5413,0.5871
within,embeddings,relieff,10,7,0.5428,0.5887
within,embeddings,relieff,10,9,0.5372,0.5835
within,embeddings,relieff,10,11,0.5373,0.5840
within,embeddings,relieff,10,13,0.5384,0.5847
within,embeddings,relieff,10,15,0.5357,0.5820
within,embeddings,relieff,10,17,0.5440,0.5880
within,embeddings,relieff,10,19,0.5440,0.5862
within,embeddings,all,1,1,0.6698,0.6984
within,embeddings,all,1,3,0.6634,0.6904
within,embeddings,all,1,5,0.6576,0.6853
within,embeddings,all,1,7,0.6515,0.6780
within,embeddings,all,1,9,0.6503,0.6782
within,embeddings,all,1,11,0.6448,0.6709
within,embeddings,all,1,13,0.6405,0.6669
within,embeddings,all,1,15,0.6373,0.6647
within,embeddings,all,1,17,0.6345,0.6622
within,embeddings,all,1,19,0.6340,0.6611
within,embeddings,pca,1,1,0.5684,0.6020
within,embeddings,pca,1,3,0.5774,0.6087
within,embeddings,pca,1,5,0.5792,0.6082
within,embeddings,pca,1,7,0.5797,0.6080
within,embeddings,pca,1,9,0.5783,0.6071
within,embeddings,pca,1,11,0.5761,0.6042
within,embeddings,pca,1,13,0.5802,0.6085
within,embeddings,pca,1,15,0.5764,0.6047
within,embeddings,pca,1,17,0.5785,0.6067
within,embeddings,pca,1,19,0.5771,0.6053
within,embeddings,relieff,1,1,0.5439,0.5880
within,embeddings,relieff,1,3,0.5481,0.5929
within,embeddings,relieff,1,5,0.5377,0.5851
within,embeddings,relieff,1,7,0.5503,0.5947
within,embeddings,relieff,1,9,0.5540,0.5978
within,embeddings,relieff,1,11,0.5573,0.5998
within,embeddings,relieff,1,13,0.5529,0.5945
within,embeddings,relieff,1,15,0.5451,0.5915
within,embeddings,relieff,1,17,0.5441,0.5893
within,embeddings,relieff,1,19,0.5509,0.5933
within,embeddings,all,2,1,0.6605,0.6927
within,embeddings,all,2,3,0.6640,0.6935
within,embeddings,all,2,5,0.6628,0.6915
within,embeddings,all,2,7,0.6556,0.6847
within,embeddings,all,2,9,0.6527,0.6802
within,embeddings,all,2,11,0.6486,0.6771
within,embeddings,all,2,13,0.6414,0.6696
within,embeddings,all,2,15,0.6399,0.6678
within,embeddings,all,2,17,0.6370,0.6633
within,embeddings,all,2,19,0.6340,0.6605
within,embeddings,pca,2,1,0.5579,0.5916
within,embeddings,pca,2,3,0.5668,0.5987
within,embeddings,pca,2,5,0.5719,0.6027
within,embeddings,pca,2,7,0.5757,0.6055
within,embeddings,pca,2,9,0.5759,0.6058
within,embeddings,pca,2,11,0.5772,0.6065
within,embeddings,pca,2,13,0.5751,0.6035
within,embeddings,pca,2,15,0.5750,0.6025
within,embeddings,pca,2,17,0.5735,0.6018
within,embeddings,pca,2,19,0.5765,0.6056
within,embeddings,relieff,2,1,0.5202,0.5713
within,embeddings,relieff,2,3,0.5164,0.5658
within,embeddings,relieff,2,5,0.5195,0.5680
within,embeddings,relieff,2,7,0.5167,0.5620
within,embeddings,relieff,2,9,0.5207,0.5647
within,embeddings,relieff,2,11,0.5246,0.5675
within,embeddings,relieff,2,13,0.5266,0.5684
within,embeddings,relieff,2,15,0.5259,0.5676
within,embeddings,relieff,2,17,0.5299,0.5718
within,embeddings,relieff,2,19,0.5305,0.5720
within,embeddings,all,3,1,0.6648,0.6964
within,embeddings,all,3,3,0.6627,0.6911
within,embeddings,all,3,5,0.6557,0.6851
within,embeddings,all,3,7,0.6543,0.6829
within,embeddings,all,3,9,0.6504,0.6785
within,embeddings,all,3,11,0.6511,0.6789
within,embeddings,all,3,13,0.6458,0.6736
within,embeddings,all,3,15,0.6445,0.6718
within,embeddings,all,3,17,0.6435,0.6700
within,embeddings,all,3,19,0.6431,0.6689
within,embeddings,pca,3,1,0.5695,0.6042
within,embeddings,pca,3,3,0.5737,0.6067
within,embeddings,pca,3,5,0.5725,0.6047
within,embeddings,pca,3,7,0.5720,0.6022
within,embeddings,pca,3,9,0.5690,0.5996
within,embeddings,pca,3,11,0.5725,0.6025
within,embeddings,pca,3,13,0.5740,0.6036
within,embeddings,pca,3,15,0.5714,0.6007
within,embeddings,pca,3,17,0.5707,0.5987
within,embeddings,pca,3,19,0.5715,0.5995
within,embeddings,relieff,3,1,0.5405,0.5900
within,embeddings,relieff,3,3,0.5493,0.5967
within,embeddings,relieff,3,5,0.5518,0.5962
within,embeddings,relieff,3,7,0.5543,0.5984
within,embeddings,relieff,3,9,0.5550,0.5976
within,embeddings,relieff,3,11,0.5538,0.5982
within,embeddings,relieff,3,13,0.5541,0.5973
within,embeddings,relieff,3,15,0.5573,0.5980
within,embeddings,relieff,3,17,0.5558,0.5989
within,embeddings,relieff,3,19,0.5512,0.5944
within,embeddings,all,4,1,0.6712,0.6996
within,embeddings,all,4,3,0.6666,0.6975
within,embeddings,all,4,5,0.6536,0.6851
within,embeddings,all,4,7,0.6526,0.6809
within,embeddings,all,4,9,0.6518,0.6795
within,embeddings,all,4,11,0.6504,0.6784
within,embeddings,all,4,13,0.6485,0.6760
within,embeddings,all,4,15,0.6435,0.6724
within,embeddings,all,4,17,0.6442,0.6725
within,embeddings,all,4,19,0.6414,0.6696
within,embeddings,pca,4,1,0.5616,0.5942
within,embeddings,pca,4,3,0.5685,0.6004
within,embeddings,pca,4,5,0.5714,0.6033
within,embeddings,pca,4,7,0.5684,0.6004
within,embeddings,pca,4,9,0.5683,0.5996
within,embeddings,pca,4,11,0.5707,0.6011
within,embeddings,pca,4,13,0.5705,0.5998
within,embeddings,pca,4,15,0.5693,0.5987
within,embeddings,pca,4,17,0.5653,0.5945
within,embeddings,pca,4,19,0.5665,0.5958
within,embeddings,relieff,4,1,0.4844,0.5095
within,embeddings,relieff,4,3,0.4870,0.5133
within,embeddings,relieff,4,5,0.5191,0.5671
within,embeddings,relieff,4,7,0.5164,0.5629
within,embeddings,relieff,4,9,0.5166,0.5642
within,embeddings,relieff,4,11,0.5187,0.5656
within,embeddings,relieff,4,13,0.5157,0.5624
within,embeddings,relieff,4,15,0.5171,0.5622
within,embeddings,relieff,4,17,0.5244,0.5698
within,embeddings,relieff,4,19,0.5240,0.5696
within,embeddings,all,5,1,0.6655,0.6947
within,embeddings,all,5,3,0.6678,0.6953
within,embeddings,all,5,5,0.6642,0.6924
within,embeddings,all,5,7,0.6564,0.6836
within,embeddings,all,5,9,0.6541,0.6815
within,embeddings,all,5,11,0.6507,0.6787
within,embeddings,all,5,13,0.6518,0.6782
within,embeddings,all,5,15,0.6498,0.6758
within,embeddings,all,5,17,0.6455,0.6720
within,embeddings,all,5,19,0.6460,0.6709
within,embeddings,pca,5,1,0.5595,0.5913
within,embeddings,pca,5,3,0.5637,0.5951
within,embeddings,pca,5,5,0.5729,0.6033
within,embeddings,pca,5,7,0.5769,0.6056
within,embeddings,pca,5,9,0.5756,0.6040
within,embeddings,pca,5,11,0.5746,0.6027
within,embeddings,pca,5,13,0.5771,0.6044
within,embeddings,pca,5,15,0.5756,0.6020
within,embeddings,pca,5,17,0.5727,0.5996
within,embeddings,pca,5,19,0.5703,0.5956
within,embeddings,relieff,5,1,0.5176,0.5360
within,embeddings,relieff,5,3,0.5172,0.5336
within,embeddings,relieff,5,5,0.5483,0.5935
within,embeddings,relieff,5,7,0.5487,0.5945
within,embeddings,relieff,5,9,0.5471,0.5916
within,embeddings,relieff,5,11,0.5463,0.5905
within,embeddings,relieff,5,13,0.5496,0.5940
within,embeddings,relieff,5,15,0.5476,0.5922
within,embeddings,relieff,5,17,0.5468,0.5911
within,embeddings,relieff,5,19,0.5434,0.5876
within,embeddings,all,6,1,0.6636,0.6929
within,embeddings,all,6,3,0.6683,0.6985
within,embeddings,all,6,5,0.6658,0.6938
within,embeddings,all,6,7,0.6636,0.6916
within,embeddings,all,6,9,0.6517,0.6796
within,embeddings,all,6,11,0.6485,0.6765
within,embeddings,all,6,13,0.6489,0.6762
within,embeddings,all,6,15,0.6504,0.6765
within,embeddings,all,6,17,0.6501,0.6758
within,embeddings,all,6,19,0.6468,0.6720
within,embeddings,pca,6,1,0.5630,0.5958
within,embeddings,pca,6,3,0.5681,0.6000
within,embeddings,pca,6,5,0.5702,0.6009
within,embeddings,pca,6,7,0.5771,0.6093
within,embeddings,pca,6,9,0.5793,0.6105
within,embeddings,pca,6,11,0.5777,0.6087
within,embeddings,pca,6,13,0.5782,0.6082
within,embeddings,pca,6,15,0.5808,0.6104
within,embeddings,pca,6,17,0.5801,0.6098
within,embeddings,pca,6,19,0.5800,0.6098
within,embeddings,relieff,6,1,0.5112,0.5307
within,embeddings,relieff,6,3,0.5487,0.5909
within,embeddings,relieff,6,5,0.5458,0.5884
within,embeddings,relieff,6,7,0.5511,0.5938
within,embeddings,relieff,6,9,0.5562,0.5985
within,embeddings,relieff,6,11,0.5549,0.5960
within,embeddings,relieff,6,13,0.5537,0.5947
within,embeddings,relieff,6,15,0.5540,0.5944
within,embeddings,relieff,6,17,0.5526,0.5929
within,embeddings,relieff,6,19,0.5532,0.5942
within,embeddings,all,7,1,0.6617,0.6918
within,embeddings,all,7,3,0.6663,0.6965
within,embeddings,all,7,5,0.6583,0.6882
within,embeddings,all,7,7,0.6542,0.6844
within,embeddings,all,7,9,0.6471,0.6780
within,embeddings,all,7,11,0.6468,0.6773
within,embeddings,all,7,13,0.6435,0.6733
within,embeddings,all,7,15,0.6434,0.6724
within,embeddings,all,7,17,0.6397,0.6678
within,embeddings,all,7,19,0.6356,0.6640
within,embeddings,pca,7,1,0.5766,0.6107
within,embeddings,pca,7,3,0.5788,0.6102
within,embeddings,pca,7,5,0.5763,0.6060
within,embeddings,pca,7,7,0.5761,0.6067
within,embeddings,pca,7,9,0.5791,0.6096
within,embeddings,pca,7,11,0.5813,0.6120
within,embeddings,pca,7,13,0.5804,0.6098
within,embeddings,pca,7,15,0.5806,0.6098
within,embeddings,pca,7,17,0.5828,0.6122
within,embeddings,pca,7,19,0.5834,0.6133
within,embeddings,relieff,7,1,0.5337,0.5829
within,embeddings,relieff,7,3,0.5406,0.5860
within,embeddings,relieff,7,5,0.5440,0.5871
within,embeddings,relieff,7,7,0.5453,0.5869
within,embeddings,relieff,7,9,0.5413,0.5845
within,embeddings,relieff,7,11,0.5410,0.5844
within,embeddings,relieff,7,13,0.5419,0.5860
within,embeddings,relieff,7,15,0.5418,0.5847
within,embeddings,relieff,7,17,0.5405,0.5827
within,embeddings,relieff,7,19,0.5374,0.5807
within,embeddings,all,8,1,0.6678,0.6971
within,embeddings,all,8,3,0.6637,0.6920
within,embeddings,all,8,5,0.6592,0.6878
within,embeddings,all,8,7,0.6544,0.6831
within,embeddings,all,8,9,0.6498,0.6782
within,embeddings,all,8,11,0.6451,0.6742
within,embeddings,all,8,13,0.6449,0.6735
within,embeddings,all,8,15,0.6413,0.6707
within,embeddings,all,8,17,0.6377,0.6669
within,embeddings,all,8,19,0.6386,0.6664
within,embeddings,pca,8,1,0.5693,0.6007
within,embeddings,pca,8,3,0.5692,0.6005
within,embeddings,pca,8,5,0.5708,0.6020
within,embeddings,pca,8,7,0.5748,0.6042
within,embeddings,pca,8,9,0.5719,0.5995
within,embeddings,pca,8,11,0.5751,0.6024
within,embeddings,pca,8,13,0.5701,0.5976
within,embeddings,pca,8,15,0.5714,0.6004
within,embeddings,pca,8,17,0.5681,0.5962
within,embeddings,pca,8,19,0.5668,0.5951
within,embeddings,relieff,8,1,0.5507,0.5969
within,embeddings,relieff,8,3,0.5549,0.5967
within,embeddings,relieff,8,5,0.5559,0.5993
within,embeddings,relieff,8,7,0.5589,0.6009
within,embeddings,relieff,8,9,0.5590,0.6000
within,embeddings,relieff,8,11,0.5626,0.6031
within,embeddings,relieff,8,13,0.5610,0.6018
within,embeddings,relieff,8,15,0.5618,0.6018
within,embeddings,relieff,8,17,0.5614,0.6016
within,embeddings,relieff,8,19,0.5598,0.5995
within,embeddings,all,9,1,0.6740,0.7038
within,embeddings,all,9,3,0.6649,0.6958
within,embeddings,all,9,5,0.6610,0.6896
within,embeddings,all,9,7,0.6591,0.6882
within,embeddings,all,9,9,0.6568,0.6853
within,embeddings,all,9,11,0.6531,0.6813
within,embeddings,all,9,13,0.6509,0.6787
within,embeddings,all,9,15,0.6486,0.6769
within,embeddings,all,9,17,0.6471,0.6744
within,embeddings,all,9,19,0.6449,0.6720
within,embeddings,pca,9,1,0.5577,0.5953
within,embeddings,pca,9,3,0.5648,0.6000
within,embeddings,pca,9,5,0.5705,0.6044
within,embeddings,pca,9,7,0.5680,0.6016
within,embeddings,pca,9,9,0.5725,0.6056
within,embeddings,pca,9,11,0.5698,0.6036
within,embeddings,pca,9,13,0.5704,0.6027
within,embeddings,pca,9,15,0.5728,0.6053
within,embeddings,pca,9,17,0.5714,0.6031
within,embeddings,pca,9,19,0.5738,0.6047
within,embeddings,relieff,9,1,0.5040,0.5582
within,embeddings,relieff,9,3,0.5144,0.5645
within,embeddings,relieff,9,5,0.5229,0.5705
within,embeddings,relieff,9,7,0.5201,0.5667
within,embeddings,relieff,9,9,0.5254,0.5716
within,embeddings,relieff,9,11,0.5268,0.5724
within,embeddings,relieff,9,13,0.5209,0.5658
within,embeddings,relieff,9,15,0.5203,0.5655
within,embeddings,relieff,9,17,0.5202,0.5642
within,embeddings,relieff,9,19,0.5188,0.5624
within,embeddings,all,10,1,0.6639,0.6945
within,embeddings,all,10,3,0.6664,0.6973
within,embeddings,all,10,5,0.6689,0.6984
within,embeddings,all,10,7,0.6590,0.6900
within,embeddings,all,10,9,0.6574,0.6869
within,embeddings,all,10,11,0.6510,0.6804
within,embeddings,all,10,13,0.6497,0.6798
within,embeddings,all,10,15,0.6465,0.6751
within,embeddings,all,10,17,0.6416,0.6718
within,embeddings,all,10,19,0.6392,0.6696
within,embeddings,pca,10,1,0.5628,0.5956
within,embeddings,pca,10,3,0.5762,0.6062
within,embeddings,pca,10,5,0.5760,0.6044
within,embeddings,pca,10,7,0.5768,0.6051
within,embeddings,pca,10,9,0.5799,0.6085
within,embeddings,pca,10,11,0.5829,0.6115
within,embeddings,pca,10,13,0.5823,0.6105
within,embeddings,pca,10,15,0.5832,0.6107
within,embeddings,pca,10,17,0.5812,0.6093
within,embeddings,pca,10,19,0.5793,0.6084
within,embeddings,relieff,10,1,0.5358,0.5847
within,embeddings,relieff,10,3,0.5392,0.5851
within,embeddings,relieff,10,5,0.5413,0.5871
within,embeddings,relieff,10,7,0.5428,0.5887
within,embeddings,relieff,10,9,0.5372,0.5835
within,embeddings,relieff,10,11,0.5373,0.5840
within,embeddings,relieff,10,13,0.5384,0.5847
within,embeddings,relieff,10,15,0.5357,0.5820
within,embeddings,relieff,10,17,0.5440,0.5880
within,embeddings,relieff,10,19,0.5440,0.5862
within,embeddings,all,1,1,0.6698,0.6984
within,embeddings,all,1,3,0.6634,0.6904
within,embeddings,all,1,5,0.6576,0.6853
within,embeddings,all,1,7,0.6515,0.6780
within,embeddings,all,1,9,0.6503,0.6782
within,embeddings,all,1,11,0.6448,0.6709
within,embeddings,all,1,13,0.6405,0.6669
within,embeddings,all,1,15,0.6373,0.6647
within,embeddings,all,1,17,0.6345,0.6622
within,embeddings,all,1,19,0.6340,0.6611
within,embeddings,pca,1,1,0.5684,0.6020
within,embeddings,pca,1,3,0.5774,0.6087
within,embeddings,pca,1,5,0.5792,0.6082
within,embeddings,pca,1,7,0.5797,0.6080
within,embeddings,pca,1,9,0.5783,0.6071
within,embeddings,pca,1,11,0.5761,0.6042
within,embeddings,pca,1,13,0.5802,0.6085
within,embeddings,pca,1,15,0.5764,0.6047
within,embeddings,pca,1,17,0.5785,0.6067
within,embeddings,pca,1,19,0.5771,0.6053
within,embeddings,relieff,1,1,0.5439,0.5880
within,embeddings,relieff,1,3,0.5481,0.5929
within,embeddings,relieff,1,5,0.5377,0.5851
within,embeddings,relieff,1,7,0.5503,0.5947
within,embeddings,relieff,1,9,0.5540,0.5978
within,embeddings,relieff,1,11,0.5573,0.5998
within,embeddings,relieff,1,13,0.5529,0.5945
within,embeddings,relieff,1,15,0.5451,0.5915
within,embeddings,relieff,1,17,0.5441,0.5893
within,embeddings,relieff,1,19,0.5509,0.5933
within,embeddings,all,2,1,0.6605,0.6927
within,embeddings,all,2,3,0.6640,0.6935
within,embeddings,all,2,5,0.6628,0.6915
within,embeddings,all,2,7,0.6556,0.6847
within,embeddings,all,2,9,0.6527,0.6802
within,embeddings,all,2,11,0.6486,0.6771
within,embeddings,all,2,13,0.6414,0.6696
within,embeddings,all,2,15,0.6399,0.6678
within,embeddings,all,2,17,0.6370,0.6633
within,embeddings,all,2,19,0.6340,0.6605
within,embeddings,pca,2,1,0.5579,0.5916
within,embeddings,pca,2,3,0.5668,0.5987
within,embeddings,pca,2,5,0.5719,0.6027
within,embeddings,pca,2,7,0.5757,0.6055
within,embeddings,pca,2,9,0.5759,0.6058
within,embeddings,pca,2,11,0.5772,0.6065
within,embeddings,pca,2,13,0.5751,0.6035
within,embeddings,pca,2,15,0.5750,0.6025
within,embeddings,pca,2,17,0.5735,0.6018
within,embeddings,pca,2,19,0.5765,0.6056
within,embeddings,relieff,2,1,0.5202,0.5713
within,embeddings,relieff,2,3,0.5164,0.5658
within,embeddings,relieff,2,5,0.5195,0.5680
within,embeddings,relieff,2,7,0.5167,0.5620
within,embeddings,relieff,2,9,0.5207,0.5647
within,embeddings,relieff,2,11,0.5246,0.5675
within,embeddings,relieff,2,13,0.5266,0.5684
within,embeddings,relieff,2,15,0.5259,0.5676
within,embeddings,relieff,2,17,0.5299,0.5718
within,embeddings,relieff,2,19,0.5305,0.5720
within,embeddings,all,3,1,0.6648,0.6964
within,embeddings,all,3,3,0.6627,0.6911
within,embeddings,all,3,5,0.6557,0.6851
within,embeddings,all,3,7,0.6543,0.6829
within,embeddings,all,3,9,0.6504,0.6785
within,embeddings,all,3,11,0.6511,0.6789
within,embeddings,all,3,13,0.6458,0.6736
within,embeddings,all,3,15,0.6445,0.6718
within,embeddings,all,3,17,0.6435,0.6700
within,embeddings,all,3,19,0.6431,0.6689
within,embeddings,pca,3,1,0.5695,0.6042
within,embeddings,pca,3,3,0.5737,0.6067
within,embeddings,pca,3,5,0.5725,0.6047
within,embeddings,pca,3,7,0.5720,0.6022
within,embeddings,pca,3,9,0.5690,0.5996
within,embeddings,pca,3,11,0.5725,0.6025
within,embeddings,pca,3,13,0.5740,0.6036
within,embeddings,pca,3,15,0.5714,0.6007
within,embeddings,pca,3,17,0.5707,0.5987
within,embeddings,pca,3,19,0.5715,0.5995
within,embeddings,relieff,3,1,0.5405,0.5900
within,embeddings,relieff,3,3,0.5493,0.5967
within,embeddings,relieff,3,5,0.5518,0.5962
within,embeddings,relieff,3,7,0.5543,0.5984
within,embeddings,relieff,3,9,0.5550,0.5976
within,embeddings,relieff,3,11,0.5538,0.5982
within,embeddings,relieff,3,13,0.5541,0.5973
within,embeddings,relieff,3,15,0.5573,0.5980
within,embeddings,relieff,3,17,0.5558,0.5989
within,embeddings,relieff,3,19,0.5512,0.5944
within,embeddings,all,4,1,0.6712,0.6996
within,embeddings,all,4,3,0.6666,0.6975
within,embeddings,all,4,5,0.6536,0.6851
within,embeddings,all,4,7,0.6526,0.6809
within,embeddings,all,4,9,0.6518,0.6795
within,embeddings,all,4,11,0.6504,0.6784
within,embeddings,all,4,13,0.6485,0.6760
within,embeddings,all,4,15,0.6435,0.6724
within,embeddings,all,4,17,0.6442,0.6725
within,embeddings,all,4,19,0.6414,0.6696
within,embeddings,pca,4,1,0.5616,0.5942
within,embeddings,pca,4,3,0.5685,0.6004
within,embeddings,pca,4,5,0.5714,0.6033
within,embeddings,pca,4,7,0.5684,0.6004
within,embeddings,pca,4,9,0.5683,0.5996
within,embeddings,pca,4,11,0.5707,0.6011
within,embeddings,pca,4,13,0.5705,0.5998
within,embeddings,pca,4,15,0.5693,0.5987
within,embeddings,pca,4,17,0.5653,0.5945
within,embeddings,pca,4,19,0.5665,0.5958
within,embeddings,relieff,4,1,0.4844,0.5095
within,embeddings,relieff,4,3,0.4870,0.5133
within,embeddings,relieff,4,5,0.5191,0.5671
within,embeddings,relieff,4,7,0.5164,0.5629
within,embeddings,relieff,4,9,0.5166,0.5642
within,embeddings,relieff,4,11,0.5187,0.5656
within,embeddings,relieff,4,13,0.5157,0.5624
within,embeddings,relieff,4,15,0.5171,0.5622
within,embeddings,relieff,4,17,0.5244,0.5698
within,embeddings,relieff,4,19,0.5240,0.5696
within,embeddings,all,5,1,0.6655,0.6947
within,embeddings,all,5,3,0.6678,0.6953
within,embeddings,all,5,5,0.6642,0.6924
within,embeddings,all,5,7,0.6564,0.6836
within,embeddings,all,5,9,0.6541,0.6815
within,embeddings,all,5,11,0.6507,0.6787
within,embeddings,all,5,13,0.6518,0.6782
within,embeddings,all,5,15,0.6498,0.6758
within,embeddings,all,5,17,0.6455,0.6720
within,embeddings,all,5,19,0.6460,0.6709
within,embeddings,pca,5,1,0.5595,0.5913
within,embeddings,pca,5,3,0.5637,0.5951
within,embeddings,pca,5,5,0.5729,0.6033
within,embeddings,pca,5,7,0.5769,0.6056
within,embeddings,pca,5,9,0.5756,0.6040
within,embeddings,pca,5,11,0.5746,0.6027
within,embeddings,pca,5,13,0.5771,0.6044
within,embeddings,pca,5,15,0.5756,0.6020
within,embeddings,pca,5,17,0.5727,0.5996
within,embeddings,pca,5,19,0.5703,0.5956
within,embeddings,relieff,5,1,0.5176,0.5360
within,embeddings,relieff,5,3,0.5172,0.5336
within,embeddings,relieff,5,5,0.5483,0.5935
within,embeddings,relieff,5,7,0.5487,0.5945
within,embeddings,relieff,5,9,0.5471,0.5916
within,embeddings,relieff,5,11,0.5463,0.5905
within,embeddings,relieff,5,13,0.5496,0.5940
within,embeddings,relieff,5,15,0.5476,0.5922
within,embeddings,relieff,5,17,0.5468,0.5911
within,embeddings,relieff,5,19,0.5434,0.5876
within,embeddings,all,6,1,0.6636,0.6929
within,embeddings,all,6,3,0.6683,0.6985
within,embeddings,all,6,5,0.6658,0.6938
within,embeddings,all,6,7,0.6636,0.6916
within,embeddings,all,6,9,0.6517,0.6796
within,embeddings,all,6,11,0.6485,0.6765
within,embeddings,all,6,13,0.6489,0.6762
within,embeddings,all,6,15,0.6504,0.6765
within,embeddings,all,6,17,0.6501,0.6758
within,embeddings,all,6,19,0.6468,0.6720
within,embeddings,pca,6,1,0.5630,0.5958
within,embeddings,pca,6,3,0.5681,0.6000
within,embeddings,pca,6,5,0.5702,0.6009
within,embeddings,pca,6,7,0.5771,0.6093
within,embeddings,pca,6,9,0.5793,0.6105
within,embeddings,pca,6,11,0.5777,0.6087
within,embeddings,pca,6,13,0.5782,0.6082
within,embeddings,pca,6,15,0.5808,0.6104
within,embeddings,pca,6,17,0.5801,0.6098
within,embeddings,pca,6,19,0.5800,0.6098
within,embeddings,relieff,6,1,0.5112,0.5307
within,embeddings,relieff,6,3,0.5487,0.5909
within,embeddings,relieff,6,5,0.5458,0.5884
within,embeddings,relieff,6,7,0.5511,0.5938
within,embeddings,relieff,6,9,0.5562,0.5985
within,embeddings,relieff,6,11,0.5549,0.5960
within,embeddings,relieff,6,13,0.5537,0.5947
within,embeddings,relieff,6,15,0.5540,0.5944
within,embeddings,relieff,6,17,0.5526,0.5929
within,embeddings,relieff,6,19,0.5532,0.5942
within,embeddings,all,7,1,0.6617,0.6918
within,embeddings,all,7,3,0.6663,0.6965
within,embeddings,all,7,5,0.6583,0.6882
within,embeddings,all,7,7,0.6542,0.6844
within,embeddings,all,7,9,0.6471,0.6780
within,embeddings,all,7,11,0.6468,0.6773
within,embeddings,all,7,13,0.6435,0.6733
within,embeddings,all,7,15,0.6434,0.6724
within,embeddings,all,7,17,0.6397,0.6678
within,embeddings,all,7,19,0.6356,0.6640
within,embeddings,pca,7,1,0.5766,0.6107
within,embeddings,pca,7,3,0.5788,0.6102
within,embeddings,pca,7,5,0.5763,0.6060
within,embeddings,pca,7,7,0.5761,0.6067
within,embeddings,pca,7,9,0.5791,0.6096
within,embeddings,pca,7,11,0.5813,0.6120
within,embeddings,pca,7,13,0.5804,0.6098
within,embeddings,pca,7,15,0.5806,0.6098
within,embeddings,pca,7,17,0.5828,0.6122
within,embeddings,pca,7,19,0.5834,0.6133
within,embeddings,relieff,7,1,0.5337,0.5829
within,embeddings,relieff,7,3,0.5406,0.5860
within,embeddings,relieff,7,5,0.5440,0.5871
within,embeddings,relieff,7,7,0.5453,0.5869
within,embeddings,relieff,7,9,0.5413,0.5845
within,embeddings,relieff,7,11,0.5410,0.5844
within,embeddings,relieff,7,13,0.5419,0.5860
within,embeddings,relieff,7,15,0.5418,0.5847
within,embeddings,relieff,7,17,0.5405,0.5827
within,embeddings,relieff,7,19,0.5374,0.5807
within,embeddings,all,8,1,0.6678,0.6971
within,embeddings,all,8,3,0.6637,0.6920
within,embeddings,all,8,5,0.6592,0.6878
within,embeddings,all,8,7,0.6544,0.6831
within,embeddings,all,8,9,0.6498,0.6782
within,embeddings,all,8,11,0.6451,0.6742
within,embeddings,all,8,13,0.6449,0.6735
within,embeddings,all,8,15,0.6413,0.6707
within,embeddings,all,8,17,0.6377,0.6669
within,embeddings,all,8,19,0.6386,0.6664
within,embeddings,pca,8,1,0.5693,0.6007
within,embeddings,pca,8,3,0.5692,0.6005
within,embeddings,pca,8,5,0.5708,0.6020
within,embeddings,pca,8,7,0.5748,0.6042
within,embeddings,pca,8,9,0.5719,0.5995
within,embeddings,pca,8,11,0.5751,0.6024
within,embeddings,pca,8,13,0.5701,0.5976
within,embeddings,pca,8,15,0.5714,0.6004
within,embeddings,pca,8,17,0.5681,0.5962
within,embeddings,pca,8,19,0.5668,0.5951
within,embeddings,relieff,8,1,0.5507,0.5969
within,embeddings,relieff,8,3,0.5549,0.5967
within,embeddings,relieff,8,5,0.5559,0.5993
within,embeddings,relieff,8,7,0.5589,0.6009
within,embeddings,relieff,8,9,0.5590,0.6000
within,embeddings,relieff,8,11,0.5626,0.6031
within,embeddings,relieff,8,13,0.5610,0.6018
within,embeddings,relieff,8,15,0.5618,0.6018
within,embeddings,relieff,8,17,0.5614,0.6016
within,embeddings,relieff,8,19,0.5598,0.5995
within,embeddings,all,9,1,0.6740,0.7038
within,embeddings,all,9,3,0.6649,0.6958
within,embeddings,all,9,5,0.6610,0.6896
within,embeddings,all,9,7,0.6591,0.6882
within,embeddings,all,9,9,0.6568,0.6853
within,embeddings,all,9,11,0.6531,0.6813
within,embeddings,all,9,13,0.6509,0.6787
within,embeddings,all,9,15,0.6486,0.6769
within,embeddings,all,9,17,0.6471,0.6744
within,embeddings,all,9,19,0.6449,0.6720
within,embeddings,pca,9,1,0.5577,0.5953
within,embeddings,pca,9,3,0.5648,0.6000
within,embeddings,pca,9,5,0.5705,0.6044
within,embeddings,pca,9,7,0.5680,0.6016
within,embeddings,pca,9,9,0.5725,0.6056
within,embeddings,pca,9,11,0.5698,0.6036
within,embeddings,pca,9,13,0.5704,0.6027
within,embeddings,pca,9,15,0.5728,0.6053
within,embeddings,pca,9,17,0.5714,0.6031
within,embeddings,pca,9,19,0.5738,0.6047
within,embeddings,relieff,9,1,0.5040,0.5582
within,embeddings,relieff,9,3,0.5144,0.5645
within,embeddings,relieff,9,5,0.5229,0.5705
within,embeddings,relieff,9,7,0.5201,0.5667
within,embeddings,relieff,9,9,0.5254,0.5716
within,embeddings,relieff,9,11,0.5268,0.5724
within,embeddings,relieff,9,13,0.5209,0.5658
within,embeddings,relieff,9,15,0.5203,0.5655
within,embeddings,relieff,9,17,0.5202,0.5642
within,embeddings,relieff,9,19,0.5188,0.5624
within,embeddings,all,10,1,0.6639,0.6945
within,embeddings,all,10,3,0.6664,0.6973
within,embeddings,all,10,5,0.6689,0.6984
within,embeddings,all,10,7,0.6590,0.6900
within,embeddings,all,10,9,0.6574,0.6869
within,embeddings,all,10,11,0.6510,0.6804
within,embeddings,all,10,13,0.6497,0.6798
within,embeddings,all,10,15,0.6465,0.6751
within,embeddings,all,10,17,0.6416,0.6718
within,embeddings,all,10,19,0.6392,0.6696
within,embeddings,pca,10,1,0.5628,0.5956
within,embeddings,pca,10,3,0.5762,0.6062
within,embeddings,pca,10,5,0.5760,0.6044
within,embeddings,pca,10,7,0.5768,0.6051
within,embeddings,pca,10,9,0.5799,0.6085
within,embeddings,pca,10,11,0.5829,0.6115
within,embeddings,pca,10,13,0.5823,0.6105
within,embeddings,pca,10,15,0.5832,0.6107
within,embeddings,pca,10,17,0.5812,0.6093
within,embeddings,pca,10,19,0.5793,0.6084
within,embeddings,relieff,10,1,0.5358,0.5847
within,embeddings,relieff,10,3,0.5392,0.5851
within,embeddings,relieff,10,5,0.5413,0.5871
within,embeddings,relieff,10,7,0.5428,0.5887
within,embeddings,relieff,10,9,0.5372,0.5835
within,embeddings,relieff,10,11,0.5373,0.5840
within,embeddings,relieff,10,13,0.5384,0.5847
within,embeddings,relieff,10,15,0.5357,0.5820
within,embeddings,relieff,10,17,0.5440,0.5880
within,embeddings,relieff,10,19,0.5440,0.5862
between,features,all,1,1,0.5879,0.6268
between,features,all,1,3,0.5960,0.6312
between,features,all,1,5,0.5957,0.6299
between,features,all,1,7,0.5937,0.6260
between,features,all,1,9,0.5912,0.6233
between,features,all,1,11,0.5962,0.6275
between,features,all,1,13,0.5923,0.6225
between,features,all,1,15,0.5953,0.6272
between,features,all,1,17,0.5961,0.6264
between,features,all,1,19,0.6003,0.6301
between,features,pca,1,1,0.5620,0.6019
between,features,pca,1,3,0.5658,0.6038
between,features,pca,1,5,0.5771,0.6119
between,features,pca,1,7,0.5752,0.6082
between,features,pca,1,9,0.5719,0.6052
between,features,pca,1,11,0.5757,0.6095
between,features,pca,1,13,0.5721,0.6039
between,features,pca,1,15,0.5723,0.6058
between,features,pca,1,17,0.5704,0.6051
between,features,pca,1,19,0.5682,0.6023
between,features,relieff,1,1,0.4615,0.5151
between,features,relieff,1,3,0.4609,0.5129
between,features,relieff,1,5,0.4613,0.5133
between,features,relieff,1,7,0.4599,0.5131
between,features,relieff,1,9,0.4581,0.5137
between,features,relieff,1,11,0.4603,0.5148
between,features,relieff,1,13,0.4620,0.5157
between,features,relieff,1,15,0.4610,0.5144
between,features,relieff,1,17,0.4580,0.5109
between,features,relieff,1,19,0.4584,0.5107
between,features,all,2,1,0.6000,0.6278
between,features,all,2,3,0.5989,0.6269
between,features,all,2,5,0.6010,0.6292
between,features,all,2,7,0.6019,0.6298
between,features,all,2,9,0.6006,0.6276
between,features,all,2,11,0.5990,0.6258
between,features,all,2,13,0.5940,0.6222
between,features,all,2,15,0.5956,0.6234
between,features,all,2,17,0.5995,0.6271
between,features,all,2,19,0.5985,0.6267
between,features,pca,2,1,0.5635,0.5969
between,features,pca,2,3,0.5632,0.5940
between,features,pca,2,5,0.5674,0.5971
between,features,pca,2,7,0.5674,0.5986
between,features,pca,2,9,0.5618,0.5915
between,features,pca,2,11,0.5641,0.5944
between,features,pca,2,13,0.5635,0.5953
between,features,pca,2,15,0.5635,0.5968
between,features,pca,2,17,0.5559,0.5892
between,features,pca,2,19,0.5552,0.5885
between,features,relieff,2,1,0.5203,0.5556
between,features,relieff,2,3,0.5167,0.5526
between,features,relieff,2,5,0.5184,0.5533
between,features,relieff,2,7,0.5172,0.5509
between,features,relieff,2,9,0.5182,0.5517
between,features,relieff,2,11,0.5187,0.5522
between,features,relieff,2,13,0.5235,0.5555
between,features,relieff,2,15,0.5259,0.5573
between,features,relieff,2,17,0.5253,0.5576
between,features,relieff,2,19,0.5219,0.5547
between,features,all,3,1,0.5682,0.6031
between,features,all,3,3,0.5657,0.5991
between,features,all,3,5,0.5754,0.6097
between,features,all,3,7,0.5725,0.6053
between,features,all,3,9,0.5734,0.6071
between,features,all,3,11,0.5816,0.6131
between,features,all,3,13,0.5836,0.6160
between,features,all,3,15,0.5801,0.6129
between,features,all,3,17,0.5804,0.6135
between,features,all,3,19,0.5807,0.6133
between,features,pca,3,1,0.5558,0.5896
between,features,pca,3,3,0.5558,0.5903
between,features,pca,3,5,0.5582,0.5931
between,features,pca,3,7,0.5630,0.5985
between,features,pca,3,9,0.5626,0.5971
between,features,pca,3,11,0.5589,0.5922
between,features,pca,3,13,0.5599,0.5942
between,features,pca,3,15,0.5601,0.5938
between,features,pca,3,17,0.5657,0.5995
between,features,pca,3,19,0.5635,0.5956
between,features,relieff,3,1,0.4976,0.5287
between,features,relieff,3,3,0.4956,0.5276
between,features,relieff,3,5,0.5011,0.5338
between,features,relieff,3,7,0.5024,0.5344
between,features,relieff,3,9,0.5079,0.5389
between,features,relieff,3,11,0.5123,0.5411
between,features,relieff,3,13,0.5170,0.5451
between,features,relieff,3,15,0.5167,0.5444
between,features,relieff,3,17,0.5124,0.5417
between,features,relieff,3,19,0.5157,0.5444
between,features,all,4,1,0.5737,0.6038
between,features,all,4,3,0.5758,0.6061
between,features,all,4,5,0.5706,0.6018
between,features,all,4,7,0.5775,0.6077
between,features,all,4,9,0.5798,0.6099
between,features,all,4,11,0.5820,0.6129
between,features,all,4,13,0.5812,0.6111
between,features,all,4,15,0.5780,0.6091
between,features,all,4,17,0.5781,0.6099
between,features,all,4,19,0.5736,0.6048
between,features,pca,4,1,0.5480,0.5817
between,features,pca,4,3,0.5472,0.5817
between,features,pca,4,5,0.5472,0.5806
between,features,pca,4,7,0.5472,0.5810
between,features,pca,4,9,0.5454,0.5789
between,features,pca,4,11,0.5487,0.5803
between,features,pca,4,13,0.5507,0.5826
between,features,pca,4,15,0.5482,0.5799
between,features,pca,4,17,0.5469,0.5797
between,features,pca,4,19,0.5482,0.5805
between,features,relieff,4,1,0.4973,0.5403
between,features,relieff,4,3,0.4990,0.5425
between,features,relieff,4,5,0.4999,0.5410
between,features,relieff,4,7,0.5040,0.5446
between,features,relieff,4,9,0.5047,0.5455
between,features,relieff,4,11,0.5014,0.5428
between,features,relieff,4,13,0.5047,0.5459
between,features,relieff,4,15,0.5070,0.5484
between,features,relieff,4,17,0.5055,0.5471
between,features,relieff,4,19,0.5067,0.5484
between,features,all,5,1,0.5718,0.6101
between,features,all,5,3,0.5754,0.6129
between,features,all,5,5,0.5764,0.6134
between,features,all,5,7,0.5674,0.6053
between,features,all,5,9,0.5771,0.6130
between,features,all,5,11,0.5786,0.6140
between,features,all,5,13,0.5804,0.6154
between,features,all,5,15,0.5811,0.6147
between,features,all,5,17,0.5778,0.6108
between,features,all,5,19,0.5768,0.6095
between,features,pca,5,1,0.5537,0.5924
between,features,pca,5,3,0.5634,0.5984
between,features,pca,5,5,0.5728,0.6058
between,features,pca,5,7,0.5698,0.6018
between,features,pca,5,9,0.5712,0.6021
between,features,pca,5,11,0.5733,0.6018
between,features,pca,5,13,0.5723,0.6008
between,features,pca,5,15,0.5695,0.5992
between,features,pca,5,17,0.5697,0.5986
between,features,pca,5,19,0.5682,0.5983
between,features,relieff,5,1,0.5332,0.5754
between,features,relieff,5,3,0.5365,0.5768
between,features,relieff,5,5,0.5366,0.5754
between,features,relieff,5,7,0.5441,0.5815
between,features,relieff,5,9,0.5432,0.5798
between,features,relieff,5,11,0.5399,0.5783
between,features,relieff,5,13,0.5440,0.5822
between,features,relieff,5,15,0.5460,0.5842
between,features,relieff,5,17,0.5456,0.5833
between,features,relieff,5,19,0.5462,0.5835
between,features,all,6,1,0.5784,0.6075
between,features,all,6,3,0.5754,0.6049
between,features,all,6,5,0.5730,0.6021
between,features,all,6,7,0.5777,0.6056
between,features,all,6,9,0.5757,0.6053
between,features,all,6,11,0.5753,0.6062
between,features,all,6,13,0.5753,0.6079
between,features,all,6,15,0.5750,0.6075
between,features,all,6,17,0.5750,0.6099
between,features,all,6,19,0.5783,0.6121
between,features,pca,6,1,0.5531,0.5867
between,features,pca,6,3,0.5613,0.5949
between,features,pca,6,5,0.5530,0.5860
between,features,pca,6,7,0.5585,0.5906
between,features,pca,6,9,0.5551,0.5867
between,features,pca,6,11,0.5498,0.5828
between,features,pca,6,13,0.5549,0.5880
between,features,pca,6,15,0.5517,0.5851
between,features,pca,6,17,0.5479,0.5806
between,features,pca,6,19,0.5474,0.5815
between,features,relieff,6,1,0.4952,0.5243
between,features,relieff,6,3,0.5020,0.5285
between,features,relieff,6,5,0.4988,0.5256
between,features,relieff,6,7,0.4998,0.5265
between,features,relieff,6,9,0.4949,0.5232
between,features,relieff,6,11,0.4958,0.5243
between,features,relieff,6,13,0.4952,0.5219
between,features,relieff,6,15,0.4916,0.5169
between,features,relieff,6,17,0.4950,0.5206
between,features,relieff,6,19,0.4985,0.5243
between,features,all,7,1,0.5759,0.6098
between,features,all,7,3,0.5804,0.6148
between,features,all,7,5,0.5731,0.6061
between,features,all,7,7,0.5702,0.6042
between,features,all,7,9,0.5666,0.6017
between,features,all,7,11,0.5650,0.5980
between,features,all,7,13,0.5706,0.6033
between,features,all,7,15,0.5700,0.6042
between,features,all,7,17,0.5738,0.6070
between,features,all,7,19,0.5702,0.6037
between,features,pca,7,1,0.5576,0.5908
between,features,pca,7,3,0.5597,0.5902
between,features,pca,7,5,0.5595,0.5900
between,features,pca,7,7,0.5541,0.5841
between,features,pca,7,9,0.5597,0.5895
between,features,pca,7,11,0.5544,0.5843
between,features,pca,7,13,0.5524,0.5826
between,features,pca,7,15,0.5527,0.5830
between,features,pca,7,17,0.5489,0.5791
between,features,pca,7,19,0.5513,0.5823
between,features,relieff,7,1,0.4509,0.5053
between,features,relieff,7,3,0.4449,0.4977
between,features,relieff,7,5,0.4384,0.4881
between,features,relieff,7,7,0.4393,0.4870
between,features,relieff,7,9,0.4358,0.4835
between,features,relieff,7,11,0.4339,0.4820
between,features,relieff,7,13,0.4366,0.4838
between,features,relieff,7,15,0.4378,0.4838
between,features,relieff,7,17,0.4336,0.4789
between,features,relieff,7,19,0.4365,0.4813
between,features,all,8,1,0.5858,0.6191
between,features,all,8,3,0.5854,0.6172
between,features,all,8,5,0.5917,0.6209
between,features,all,8,7,0.5909,0.6196
between,features,all,8,9,0.5873,0.6185
between,features,all,8,11,0.5849,0.6172
between,features,all,8,13,0.5888,0.6187
between,features,all,8,15,0.5843,0.6176
between,features,all,8,17,0.5850,0.6191
between,features,all,8,19,0.5868,0.6202
between,features,pca,8,1,0.5694,0.6057
between,features,pca,8,3,0.5714,0.6068
between,features,pca,8,5,0.5717,0.6069
between,features,pca,8,7,0.5720,0.6058
between,features,pca,8,9,0.5675,0.6022
between,features,pca,8,11,0.5699,0.6060
between,features,pca,8,13,0.5688,0.6053
between,features,pca,8,15,0.5709,0.6073
between,features,pca,8,17,0.5691,0.6071
between,features,pca,8,19,0.5650,0.6038
between,features,relieff,8,1,0.4673,0.5111
between,features,relieff,8,3,0.4672,0.5096
between,features,relieff,8,5,0.4667,0.5091
between,features,relieff,8,7,0.4670,0.5100
between,features,relieff,8,9,0.4633,0.5050
between,features,relieff,8,11,0.4664,0.5089
between,features,relieff,8,13,0.4705,0.5128
between,features,relieff,8,15,0.4730,0.5155
between,features,relieff,8,17,0.4741,0.5159
between,features,relieff,8,19,0.4743,0.5161
between,features,all,9,1,0.5630,0.5928
between,features,all,9,3,0.5710,0.5987
between,features,all,9,5,0.5711,0.5996
between,features,all,9,7,0.5627,0.5912
between,features,all,9,9,0.5679,0.5968
between,features,all,9,11,0.5655,0.5948
between,features,all,9,13,0.5666,0.5967
between,features,all,9,15,0.5668,0.5983
between,features,all,9,17,0.5712,0.6018
between,features,all,9,19,0.5665,0.5963
between,features,pca,9,1,0.5307,0.5620
between,features,pca,9,3,0.5344,0.5618
between,features,pca,9,5,0.5333,0.5607
between,features,pca,9,7,0.5366,0.5640
between,features,pca,9,9,0.5397,0.5651
between,features,pca,9,11,0.5386,0.5635
between,features,pca,9,13,0.5440,0.5694
between,features,pca,9,15,0.5418,0.5684
between,features,pca,9,17,0.5400,0.5664
between,features,pca,9,19,0.5422,0.5688
between,features,relieff,9,1,0.5283,0.5613
between,features,relieff,9,3,0.5312,0.5618
between,features,relieff,9,5,0.5350,0.5640
between,features,relieff,9,7,0.5370,0.5646
between,features,relieff,9,9,0.5398,0.5684
between,features,relieff,9,11,0.5331,0.5626
between,features,relieff,9,13,0.5320,0.5606
between,features,relieff,9,15,0.5378,0.5679
between,features,relieff,9,17,0.5420,0.5719
between,features,relieff,9,19,0.5409,0.5714
between,features,all,10,1,0.5875,0.6210
between,features,all,10,3,0.5910,0.6232
between,features,all,10,5,0.6001,0.6287
between,features,all,10,7,0.6034,0.6337
between,features,all,10,9,0.6090,0.6403
between,features,all,10,11,0.6068,0.6378
between,features,all,10,13,0.6072,0.6378
between,features,all,10,15,0.6072,0.6371
between,features,all,10,17,0.6113,0.6414
between,features,all,10,19,0.6156,0.6439
between,features,pca,10,1,0.5700,0.6056
between,features,pca,10,3,0.5702,0.6056
between,features,pca,10,5,0.5676,0.6024
between,features,pca,10,7,0.5719,0.6049
between,features,pca,10,9,0.5806,0.6148
between,features,pca,10,11,0.5793,0.6135
between,features,pca,10,13,0.5813,0.6153
between,features,pca,10,15,0.5875,0.6216
between,features,pca,10,17,0.5902,0.6233
between,features,pca,10,19,0.5898,0.6235
between,features,relieff,10,1,0.4985,0.5417
between,features,relieff,10,3,0.4933,0.5365
between,features,relieff,10,5,0.4915,0.5320
between,features,relieff,10,7,0.4931,0.5345
between,features,relieff,10,9,0.4919,0.5331
between,features,relieff,10,11,0.4908,0.5334
between,features,relieff,10,13,0.4930,0.5363
between,features,relieff,10,15,0.4876,0.5309
between,features,relieff,10,17,0.4909,0.5354
between,features,relieff,10,19,0.4904,0.5354
between,features,all,1,1,0.5879,0.6268
between,features,all,1,3,0.5960,0.6312
between,features,all,1,5,0.5957,0.6299
between,features,all,1,7,0.5937,0.6260
between,features,all,1,9,0.5912,0.6233
between,features,all,1,11,0.5962,0.6275
between,features,all,1,13,0.5923,0.6225
between,features,all,1,15,0.5953,0.6272
between,features,all,1,17,0.5961,0.6264
between,features,all,1,19,0.6003,0.6301
between,features,pca,1,1,0.5620,0.6019
between,features,pca,1,3,0.5658,0.6038
between,features,pca,1,5,0.5771,0.6119
between,features,pca,1,7,0.5752,0.6082
between,features,pca,1,9,0.5719,0.6052
between,features,pca,1,11,0.5757,0.6095
between,features,pca,1,13,0.5721,0.6039
between,features,pca,1,15,0.5723,0.6058
between,features,pca,1,17,0.5704,0.6051
between,features,pca,1,19,0.5682,0.6023
between,features,relieff,1,1,0.4615,0.5151
between,features,relieff,1,3,0.4609,0.5129
between,features,relieff,1,5,0.4613,0.5133
between,features,relieff,1,7,0.4599,0.5131
between,features,relieff,1,9,0.4581,0.5137
between,features,relieff,1,11,0.4603,0.5148
between,features,relieff,1,13,0.4620,0.5157
between,features,relieff,1,15,0.4610,0.5144
between,features,relieff,1,17,0.4580,0.5109
between,features,relieff,1,19,0.4584,0.5107
between,features,all,2,1,0.6000,0.6278
between,features,all,2,3,0.5989,0.6269
between,features,all,2,5,0.6010,0.6292
between,features,all,2,7,0.6019,0.6298
between,features,all,2,9,0.6006,0.6276
between,features,all,2,11,0.5990,0.6258
between,features,all,2,13,0.5940,0.6222
between,features,all,2,15,0.5956,0.6234
between,features,all,2,17,0.5995,0.6271
between,features,all,2,19,0.5985,0.6267
between,features,pca,2,1,0.5635,0.5969
between,features,pca,2,3,0.5632,0.5940
between,features,pca,2,5,0.5674,0.5971
between,features,pca,2,7,0.5674,0.5986
between,features,pca,2,9,0.5618,0.5915
between,features,pca,2,11,0.5641,0.5944
between,features,pca,2,13,0.5635,0.5953
between,features,pca,2,15,0.5635,0.5968
between,features,pca,2,17,0.5559,0.5892
between,features,pca,2,19,0.5552,0.5885
between,features,relieff,2,1,0.5203,0.5556
between,features,relieff,2,3,0.5167,0.5526
between,features,relieff,2,5,0.5184,0.5533
between,features,relieff,2,7,0.5172,0.5509
between,features,relieff,2,9,0.5182,0.5517
between,features,relieff,2,11,0.5187,0.5522
between,features,relieff,2,13,0.5235,0.5555
between,features,relieff,2,15,0.5259,0.5573
between,features,relieff,2,17,0.5253,0.5576
between,features,relieff,2,19,0.5219,0.5547
between,features,all,3,1,0.5682,0.6031
between,features,all,3,3,0.5657,0.5991
between,features,all,3,5,0.5754,0.6097
between,features,all,3,7,0.5725,0.6053
between,features,all,3,9,0.5734,0.6071
between,features,all,3,11,0.5816,0.6131
between,features,all,3,13,0.5836,0.6160
between,features,all,3,15,0.5801,0.6129
between,features,all,3,17,0.5804,0.6135
between,features,all,3,19,0.5807,0.6133
between,features,pca,3,1,0.5558,0.5896
between,features,pca,3,3,0.5558,0.5903
between,features,pca,3,5,0.5582,0.5931
between,features,pca,3,7,0.5630,0.5985
between,features,pca,3,9,0.5626,0.5971
between,features,pca,3,11,0.5589,0.5922
between,features,pca,3,13,0.5599,0.5942
between,features,pca,3,15,0.5601,0.5938
between,features,pca,3,17,0.5657,0.5995
between,features,pca,3,19,0.5635,0.5956
between,features,relieff,3,1,0.4976,0.5287
between,features,relieff,3,3,0.4956,0.5276
between,features,relieff,3,5,0.5011,0.5338
between,features,relieff,3,7,0.5024,0.5344
between,features,relieff,3,9,0.5079,0.5389
between,features,relieff,3,11,0.5123,0.5411
between,features,relieff,3,13,0.5170,0.5451
between,features,relieff,3,15,0.5167,0.5444
between,features,relieff,3,17,0.5124,0.5417
between,features,relieff,3,19,0.5157,0.5444
between,features,all,4,1,0.5737,0.6038
between,features,all,4,3,0.5758,0.6061
between,features,all,4,5,0.5706,0.6018
between,features,all,4,7,0.5775,0.6077
between,features,all,4,9,0.5798,0.6099
between,features,all,4,11,0.5820,0.6129
between,features,all,4,13,0.5812,0.6111
between,features,all,4,15,0.5780,0.6091
between,features,all,4,17,0.5781,0.6099
between,features,all,4,19,0.5736,0.6048
between,features,pca,4,1,0.5480,0.5817
between,features,pca,4,3,0.5472,0.5817
between,features,pca,4,5,0.5472,0.5806
between,features,pca,4,7,0.5472,0.5810
between,features,pca,4,9,0.5454,0.5789
between,features,pca,4,11,0.5487,0.5803
between,features,pca,4,13,0.5507,0.5826
between,features,pca,4,15,0.5482,0.5799
between,features,pca,4,17,0.5469,0.5797
between,features,pca,4,19,0.5482,0.5805
between,features,relieff,4,1,0.4973,0.5403
between,features,relieff,4,3,0.4990,0.5425
between,features,relieff,4,5,0.4999,0.5410
between,features,relieff,4,7,0.5040,0.5446
between,features,relieff,4,9,0.5047,0.5455
between,features,relieff,4,11,0.5014,0.5428
between,features,relieff,4,13,0.5047,0.5459
between,features,relieff,4,15,0.5070,0.5484
between,features,relieff,4,17,0.5055,0.5471
between,features,relieff,4,19,0.5067,0.5484
between,features,all,5,1,0.5718,0.6101
between,features,all,5,3,0.5754,0.6129
between,features,all,5,5,0.5764,0.6134
between,features,all,5,7,0.5674,0.6053
between,features,all,5,9,0.5771,0.6130
between,features,all,5,11,0.5786,0.6140
between,features,all,5,13,0.5804,0.6154
between,features,all,5,15,0.5811,0.6147
between,features,all,5,17,0.5778,0.6108
between,features,all,5,19,0.5768,0.6095
between,features,pca,5,1,0.5537,0.5924
between,features,pca,5,3,0.5634,0.5984
between,features,pca,5,5,0.5728,0.6058
between,features,pca,5,7,0.5698,0.6018
between,features,pca,5,9,0.5712,0.6021
between,features,pca,5,11,0.5733,0.6018
between,features,pca,5,13,0.5723,0.6008
between,features,pca,5,15,0.5695,0.5992
between,features,pca,5,17,0.5697,0.5986
between,features,pca,5,19,0.5682,0.5983
between,features,relieff,5,1,0.5332,0.5754
between,features,relieff,5,3,0.5365,0.5768
between,features,relieff,5,5,0.5366,0.5754
between,features,relieff,5,7,0.5441,0.5815
between,features,relieff,5,9,0.5432,0.5798
between,features,relieff,5,11,0.5399,0.5783
between,features,relieff,5,13,0.5440,0.5822
between,features,relieff,5,15,0.5460,0.5842
between,features,relieff,5,17,0.5456,0.5833
between,features,relieff,5,19,0.5462,0.5835
between,features,all,6,1,0.5784,0.6075
between,features,all,6,3,0.5754,0.6049
between,features,all,6,5,0.5730,0.6021
between,features,all,6,7,0.5777,0.6056
between,features,all,6,9,0.5757,0.6053
between,features,all,6,11,0.5753,0.6062
between,features,all,6,13,0.5753,0.6079
between,features,all,6,15,0.5750,0.6075
between,features,all,6,17,0.5750,0.6099
between,features,all,6,19,0.5783,0.6121
between,features,pca,6,1,0.5531,0.5867
between,features,pca,6,3,0.5613,0.5949
between,features,pca,6,5,0.5530,0.5860
between,features,pca,6,7,0.5585,0.5906
between,features,pca,6,9,0.5551,0.5867
between,features,pca,6,11,0.5498,0.5828
between,features,pca,6,13,0.5549,0.5880
between,features,pca,6,15,0.5517,0.5851
between,features,pca,6,17,0.5479,0.5806
between,features,pca,6,19,0.5474,0.5815
between,features,relieff,6,1,0.4952,0.5243
between,features,relieff,6,3,0.5020,0.5285
between,features,relieff,6,5,0.4988,0.5256
between,features,relieff,6,7,0.4998,0.5265
between,features,relieff,6,9,0.4949,0.5232
between,features,relieff,6,11,0.4958,0.5243
between,features,relieff,6,13,0.4952,0.5219
between,features,relieff,6,15,0.4916,0.5169
between,features,relieff,6,17,0.4950,0.5206
between,features,relieff,6,19,0.4985,0.5243
between,features,all,7,1,0.5759,0.6098
between,features,all,7,3,0.5804,0.6148
between,features,all,7,5,0.5731,0.6061
between,features,all,7,7,0.5702,0.6042
between,features,all,7,9,0.5666,0.6017
between,features,all,7,11,0.5650,0.5980
between,features,all,7,13,0.5706,0.6033
between,features,all,7,15,0.5700,0.6042
between,features,all,7,17,0.5738,0.6070
between,features,all,7,19,0.5702,0.6037
between,features,pca,7,1,0.5576,0.5908
between,features,pca,7,3,0.5597,0.5902
between,features,pca,7,5,0.5595,0.5900
between,features,pca,7,7,0.5541,0.5841
between,features,pca,7,9,0.5597,0.5895
between,features,pca,7,11,0.5544,0.5843
between,features,pca,7,13,0.5524,0.5826
between,features,pca,7,15,0.5527,0.5830
between,features,pca,7,17,0.5489,0.5791
between,features,pca,7,19,0.5513,0.5823
between,features,relieff,7,1,0.4509,0.5053
between,features,relieff,7,3,0.4449,0.4977
between,features,relieff,7,5,0.4384,0.4881
between,features,relieff,7,7,0.4393,0.4870
between,features,relieff,7,9,0.4358,0.4835
between,features,relieff,7,11,0.4339,0.4820
between,features,relieff,7,13,0.4366,0.4838
between,features,relieff,7,15,0.4378,0.4838
between,features,relieff,7,17,0.4336,0.4789
between,features,relieff,7,19,0.4365,0.4813
between,features,all,8,1,0.5858,0.6191
between,features,all,8,3,0.5854,0.6172
between,features,all,8,5,0.5917,0.6209
between,features,all,8,7,0.5909,0.6196
between,features,all,8,9,0.5873,0.6185
between,features,all,8,11,0.5849,0.6172
between,features,all,8,13,0.5888,0.6187
between,features,all,8,15,0.5843,0.6176
between,features,all,8,17,0.5850,0.6191
between,features,all,8,19,0.5868,0.6202
between,features,pca,8,1,0.5694,0.6057
between,features,pca,8,3,0.5714,0.6068
between,features,pca,8,5,0.5717,0.6069
between,features,pca,8,7,0.5720,0.6058
between,features,pca,8,9,0.5675,0.6022
between,features,pca,8,11,0.5699,0.6060
between,features,pca,8,13,0.5688,0.6053
between,features,pca,8,15,0.5709,0.6073
between,features,pca,8,17,0.5691,0.6071
between,features,pca,8,19,0.5650,0.6038
between,features,relieff,8,1,0.4673,0.5111
between,features,relieff,8,3,0.4672,0.5096
between,features,relieff,8,5,0.4667,0.5091
between,features,relieff,8,7,0.4670,0.5100
between,features,relieff,8,9,0.4633,0.5050
between,features,relieff,8,11,0.4664,0.5089
between,features,relieff,8,13,0.4705,0.5128
between,features,relieff,8,15,0.4730,0.5155
between,features,relieff,8,17,0.4741,0.5159
between,features,relieff,8,19,0.4743,0.5161
between,features,all,9,1,0.5630,0.5928
between,features,all,9,3,0.5710,0.5987
between,features,all,9,5,0.5711,0.5996
between,features,all,9,7,0.5627,0.5912
between,features,all,9,9,0.5679,0.5968
between,features,all,9,11,0.5655,0.5948
between,features,all,9,13,0.5666,0.5967
between,features,all,9,15,0.5668,0.5983
between,features,all,9,17,0.5712,0.6018
between,features,all,9,19,0.5665,0.5963
between,features,pca,9,1,0.5307,0.5620
between,features,pca,9,3,0.5344,0.5618
between,features,pca,9,5,0.5333,0.5607
between,features,pca,9,7,0.5366,0.5640
between,features,pca,9,9,0.5397,0.5651
between,features,pca,9,11,0.5386,0.5635
between,features,pca,9,13,0.5440,0.5694
between,features,pca,9,15,0.5418,0.5684
between,features,pca,9,17,0.5400,0.5664
between,features,pca,9,19,0.5422,0.5688
between,features,relieff,9,1,0.5283,0.5613
between,features,relieff,9,3,0.5312,0.5618
between,features,relieff,9,5,0.5350,0.5640
between,features,relieff,9,7,0.5370,0.5646
between,features,relieff,9,9,0.5398,0.5684
between,features,relieff,9,11,0.5331,0.5626
between,features,relieff,9,13,0.5320,0.5606
between,features,relieff,9,15,0.5378,0.5679
between,features,relieff,9,17,0.5420,0.5719
between,features,relieff,9,19,0.5409,0.5714
between,features,all,10,1,0.5875,0.6210
between,features,all,10,3,0.5910,0.6232
between,features,all,10,5,0.6001,0.6287
between,features,all,10,7,0.6034,0.6337
between,features,all,10,9,0.6090,0.6403
between,features,all,10,11,0.6068,0.6378
between,features,all,10,13,0.6072,0.6378
between,features,all,10,15,0.6072,0.6371
between,features,all,10,17,0.6113,0.6414
between,features,all,10,19,0.6156,0.6439
between,features,pca,10,1,0.5700,0.6056
between,features,pca,10,3,0.5702,0.6056
between,features,pca,10,5,0.5676,0.6024
between,features,pca,10,7,0.5719,0.6049
between,features,pca,10,9,0.5806,0.6148
between,features,pca,10,11,0.5793,0.6135
between,features,pca,10,13,0.5813,0.6153
between,features,pca,10,15,0.5875,0.6216
between,features,pca,10,17,0.5902,0.6233
between,features,pca,10,19,0.5898,0.6235
between,features,relieff,10,1,0.4985,0.5417
between,features,relieff,10,3,0.4933,0.5365
between,features,relieff,10,5,0.4915,0.5320
between,features,relieff,10,7,0.4931,0.5345
between,features,relieff,10,9,0.4919,0.5331
between,features,relieff,10,11,0.4908,0.5334
between,features,relieff,10,13,0.4930,0.5363
between,features,relieff,10,15,0.4876,0.5309
between,features,relieff,10,17,0.4909,0.5354
between,features,relieff,10,19,0.4904,0.5354
between,features,all,1,1,0.5879,0.6268
between,features,all,1,3,0.5960,0.6312
between,features,all,1,5,0.5957,0.6299
between,features,all,1,7,0.5937,0.6260
between,features,all,1,9,0.5912,0.6233
between,features,all,1,11,0.5962,0.6275
between,features,all,1,13,0.5923,0.6225
between,features,all,1,15,0.5953,0.6272
between,features,all,1,17,0.5961,0.6264
between,features,all,1,19,0.6003,0.6301
between,features,pca,1,1,0.5620,0.6019
between,features,pca,1,3,0.5658,0.6038
between,features,pca,1,5,0.5771,0.6119
between,features,pca,1,7,0.5752,0.6082
between,features,pca,1,9,0.5719,0.6052
between,features,pca,1,11,0.5757,0.6095
between,features,pca,1,13,0.5721,0.6039
between,features,pca,1,15,0.5723,0.6058
between,features,pca,1,17,0.5704,0.6051
between,features,pca,1,19,0.5682,0.6023
between,features,relieff,1,1,0.4615,0.5151
between,features,relieff,1,3,0.4609,0.5129
between,features,relieff,1,5,0.4613,0.5133
between,features,relieff,1,7,0.4599,0.5131
between,features,relieff,1,9,0.4581,0.5137
between,features,relieff,1,11,0.4603,0.5148
between,features,relieff,1,13,0.4620,0.5157
between,features,relieff,1,15,0.4610,0.5144
between,features,relieff,1,17,0.4580,0.5109
between,features,relieff,1,19,0.4584,0.5107
between,features,all,2,1,0.6000,0.6278
between,features,all,2,3,0.5989,0.6269
between,features,all,2,5,0.6010,0.6292
between,features,all,2,7,0.6019,0.6298
between,features,all,2,9,0.6006,0.6276
between,features,all,2,11,0.5990,0.6258
between,features,all,2,13,0.5940,0.6222
between,features,all,2,15,0.5956,0.6234
between,features,all,2,17,0.5995,0.6271
between,features,all,2,19,0.5985,0.6267
between,features,pca,2,1,0.5635,0.5969
between,features,pca,2,3,0.5632,0.5940
between,features,pca,2,5,0.5674,0.5971
between,features,pca,2,7,0.5674,0.5986
between,features,pca,2,9,0.5618,0.5915
between,features,pca,2,11,0.5641,0.5944
between,features,pca,2,13,0.5635,0.5953
between,features,pca,2,15,0.5635,0.5968
between,features,pca,2,17,0.5559,0.5892
between,features,pca,2,19,0.5552,0.5885
between,features,relieff,2,1,0.5203,0.5556
between,features,relieff,2,3,0.5167,0.5526
between,features,relieff,2,5,0.5184,0.5533
between,features,relieff,2,7,0.5172,0.5509
between,features,relieff,2,9,0.5182,0.5517
between,features,relieff,2,11,0.5187,0.5522
between,features,relieff,2,13,0.5235,0.5555
between,features,relieff,2,15,0.5259,0.5573
between,features,relieff,2,17,0.5253,0.5576
between,features,relieff,2,19,0.5219,0.5547
between,features,all,3,1,0.5682,0.6031
between,features,all,3,3,0.5657,0.5991
between,features,all,3,5,0.5754,0.6097
between,features,all,3,7,0.5725,0.6053
between,features,all,3,9,0.5734,0.6071
between,features,all,3,11,0.5816,0.6131
between,features,all,3,13,0.5836,0.6160
between,features,all,3,15,0.5801,0.6129
between,features,all,3,17,0.5804,0.6135
between,features,all,3,19,0.5807,0.6133
between,features,pca,3,1,0.5558,0.5896
between,features,pca,3,3,0.5558,0.5903
between,features,pca,3,5,0.5582,0.5931
between,features,pca,3,7,0.5630,0.5985
between,features,pca,3,9,0.5626,0.5971
between,features,pca,3,11,0.5589,0.5922
between,features,pca,3,13,0.5599,0.5942
between,features,pca,3,15,0.5601,0.5938
between,features,pca,3,17,0.5657,0.5995
between,features,pca,3,19,0.5635,0.5956
between,features,relieff,3,1,0.4976,0.5287
between,features,relieff,3,3,0.4956,0.5276
between,features,relieff,3,5,0.5011,0.5338
between,features,relieff,3,7,0.5024,0.5344
between,features,relieff,3,9,0.5079,0.5389
between,features,relieff,3,11,0.5123,0.5411
between,features,relieff,3,13,0.5170,0.5451
between,features,relieff,3,15,0.5167,0.5444
between,features,relieff,3,17,0.5124,0.5417
between,features,relieff,3,19,0.5157,0.5444
between,features,all,4,1,0.5737,0.6038
between,features,all,4,3,0.5758,0.6061
between,features,all,4,5,0.5706,0.6018
between,features,all,4,7,0.5775,0.6077
between,features,all,4,9,0.5798,0.6099
between,features,all,4,11,0.5820,0.6129
between,features,all,4,13,0.5812,0.6111
between,features,all,4,15,0.5780,0.6091
between,features,all,4,17,0.5781,0.6099
between,features,all,4,19,0.5736,0.6048
between,features,pca,4,1,0.5480,0.5817
between,features,pca,4,3,0.5472,0.5817
between,features,pca,4,5,0.5472,0.5806
between,features,pca,4,7,0.5472,0.5810
between,features,pca,4,9,0.5454,0.5789
between,features,pca,4,11,0.5487,0.5803
between,features,pca,4,13,0.5507,0.5826
between,features,pca,4,15,0.5482,0.5799
between,features,pca,4,17,0.5469,0.5797
between,features,pca,4,19,0.5482,0.5805
between,features,relieff,4,1,0.4973,0.5403
between,features,relieff,4,3,0.4990,0.5425
between,features,relieff,4,5,0.4999,0.5410
between,features,relieff,4,7,0.5040,0.5446
between,features,relieff,4,9,0.5047,0.5455
between,features,relieff,4,11,0.5014,0.5428
between,features,relieff,4,13,0.5047,0.5459
between,features,relieff,4,15,0.5070,0.5484
between,features,relieff,4,17,0.5055,0.5471
between,features,relieff,4,19,0.5067,0.5484
between,features,all,5,1,0.5718,0.6101
between,features,all,5,3,0.5754,0.6129
between,features,all,5,5,0.5764,0.6134
between,features,all,5,7,0.5674,0.6053
between,features,all,5,9,0.5771,0.6130
between,features,all,5,11,0.5786,0.6140
between,features,all,5,13,0.5804,0.6154
between,features,all,5,15,0.5811,0.6147
between,features,all,5,17,0.5778,0.6108
between,features,all,5,19,0.5768,0.6095
between,features,pca,5,1,0.5537,0.5924
between,features,pca,5,3,0.5634,0.5984
between,features,pca,5,5,0.5728,0.6058
between,features,pca,5,7,0.5698,0.6018
between,features,pca,5,9,0.5712,0.6021
between,features,pca,5,11,0.5733,0.6018
between,features,pca,5,13,0.5723,0.6008
between,features,pca,5,15,0.5695,0.5992
between,features,pca,5,17,0.5697,0.5986
between,features,pca,5,19,0.5682,0.5983
between,features,relieff,5,1,0.5332,0.5754
between,features,relieff,5,3,0.5365,0.5768
between,features,relieff,5,5,0.5366,0.5754
between,features,relieff,5,7,0.5441,0.5815
between,features,relieff,5,9,0.5432,0.5798
between,features,relieff,5,11,0.5399,0.5783
between,features,relieff,5,13,0.5440,0.5822
between,features,relieff,5,15,0.5460,0.5842
between,features,relieff,5,17,0.5456,0.5833
between,features,relieff,5,19,0.5462,0.5835
between,features,all,6,1,0.5784,0.6075
between,features,all,6,3,0.5754,0.6049
between,features,all,6,5,0.5730,0.6021
between,features,all,6,7,0.5777,0.6056
between,features,all,6,9,0.5757,0.6053
between,features,all,6,11,0.5753,0.6062
between,features,all,6,13,0.5753,0.6079
between,features,all,6,15,0.5750,0.6075
between,features,all,6,17,0.5750,0.6099
between,features,all,6,19,0.5783,0.6121
between,features,pca,6,1,0.5531,0.5867
between,features,pca,6,3,0.5613,0.5949
between,features,pca,6,5,0.5530,0.5860
between,features,pca,6,7,0.5585,0.5906
between,features,pca,6,9,0.5551,0.5867
between,features,pca,6,11,0.5498,0.5828
between,features,pca,6,13,0.5549,0.5880
between,features,pca,6,15,0.5517,0.5851
between,features,pca,6,17,0.5479,0.5806
between,features,pca,6,19,0.5474,0.5815
between,features,relieff,6,1,0.4952,0.5243
between,features,relieff,6,3,0.5020,0.5285
between,features,relieff,6,5,0.4988,0.5256
between,features,relieff,6,7,0.4998,0.5265
between,features,relieff,6,9,0.4949,0.5232
between,features,relieff,6,11,0.4958,0.5243
between,features,relieff,6,13,0.4952,0.5219
between,features,relieff,6,15,0.4916,0.5169
between,features,relieff,6,17,0.4950,0.5206
between,features,relieff,6,19,0.4985,0.5243
between,features,all,7,1,0.5759,0.6098
between,features,all,7,3,0.5804,0.6148
between,features,all,7,5,0.5731,0.6061
between,features,all,7,7,0.5702,0.6042
between,features,all,7,9,0.5666,0.6017
between,features,all,7,11,0.5650,0.5980
between,features,all,7,13,0.5706,0.6033
between,features,all,7,15,0.5700,0.6042
between,features,all,7,17,0.5738,0.6070
between,features,all,7,19,0.5702,0.6037
between,features,pca,7,1,0.5576,0.5908
between,features,pca,7,3,0.5597,0.5902
between,features,pca,7,5,0.5595,0.5900
between,features,pca,7,7,0.5541,0.5841
between,features,pca,7,9,0.5597,0.5895
between,features,pca,7,11,0.5544,0.5843
between,features,pca,7,13,0.5524,0.5826
between,features,pca,7,15,0.5527,0.5830
between,features,pca,7,17,0.5489,0.5791
between,features,pca,7,19,0.5513,0.5823
between,features,relieff,7,1,0.4509,0.5053
between,features,relieff,7,3,0.4449,0.4977
between,features,relieff,7,5,0.4384,0.4881
between,features,relieff,7,7,0.4393,0.4870
between,features,relieff,7,9,0.4358,0.4835
between,features,relieff,7,11,0.4339,0.4820
between,features,relieff,7,13,0.4366,0.4838
between,features,relieff,7,15,0.4378,0.4838
between,features,relieff,7,17,0.4336,0.4789
between,features,relieff,7,19,0.4365,0.4813
between,features,all,8,1,0.5858,0.6191
between,features,all,8,3,0.5854,0.6172
between,features,all,8,5,0.5917,0.6209
between,features,all,8,7,0.5909,0.6196
between,features,all,8,9,0.5873,0.6185
between,features,all,8,11,0.5849,0.6172
between,features,all,8,13,0.5888,0.6187
between,features,all,8,15,0.5843,0.6176
between,features,all,8,17,0.5850,0.6191
between,features,all,8,19,0.5868,0.6202
between,features,pca,8,1,0.5694,0.6057
between,features,pca,8,3,0.5714,0.6068
between,features,pca,8,5,0.5717,0.6069
between,features,pca,8,7,0.5720,0.6058
between,features,pca,8,9,0.5675,0.6022
between,features,pca,8,11,0.5699,0.6060
between,features,pca,8,13,0.5688,0.6053
between,features,pca,8,15,0.5709,0.6073
between,features,pca,8,17,0.5691,0.6071
between,features,pca,8,19,0.5650,0.6038
between,features,relieff,8,1,0.4673,0.5111
between,features,relieff,8,3,0.4672,0.5096
between,features,relieff,8,5,0.4667,0.5091
between,features,relieff,8,7,0.4670,0.5100
between,features,relieff,8,9,0.4633,0.5050
between,features,relieff,8,11,0.4664,0.5089
between,features,relieff,8,13,0.4705,0.5128
between,features,relieff,8,15,0.4730,0.5155
between,features,relieff,8,17,0.4741,0.5159
between,features,relieff,8,19,0.4743,0.5161
between,features,all,9,1,0.5630,0.5928
between,features,all,9,3,0.5710,0.5987
between,features,all,9,5,0.5711,0.5996
between,features,all,9,7,0.5627,0.5912
between,features,all,9,9,0.5679,0.5968
between,features,all,9,11,0.5655,0.5948
between,features,all,9,13,0.5666,0.5967
between,features,all,9,15,0.5668,0.5983
between,features,all,9,17,0.5712,0.6018
between,features,all,9,19,0.5665,0.5963
between,features,pca,9,1,0.5307,0.5620
between,features,pca,9,3,0.5344,0.5618
between,features,pca,9,5,0.5333,0.5607
between,features,pca,9,7,0.5366,0.5640
between,features,pca,9,9,0.5397,0.5651
between,features,pca,9,11,0.5386,0.5635
between,features,pca,9,13,0.5440,0.5694
between,features,pca,9,15,0.5418,0.5684
between,features,pca,9,17,0.5400,0.5664
between,features,pca,9,19,0.5422,0.5688
between,features,relieff,9,1,0.5283,0.5613
between,features,relieff,9,3,0.5312,0.5618
between,features,relieff,9,5,0.5350,0.5640
between,features,relieff,9,7,0.5370,0.5646
between,features,relieff,9,9,0.5398,0.5684
between,features,relieff,9,11,0.5331,0.5626
between,features,relieff,9,13,0.5320,0.5606
between,features,relieff,9,15,0.5378,0.5679
between,features,relieff,9,17,0.5420,0.5719
between,features,relieff,9,19,0.5409,0.5714
between,features,all,10,1,0.5875,0.6210
between,features,all,10,3,0.5910,0.6232
between,features,all,10,5,0.6001,0.6287
between,features,all,10,7,0.6034,0.6337
between,features,all,10,9,0.6090,0.6403
between,features,all,10,11,0.6068,0.6378
between,features,all,10,13,0.6072,0.6378
between,features,all,10,15,0.6072,0.6371
between,features,all,10,17,0.6113,0.6414
between,features,all,10,19,0.6156,0.6439
between,features,pca,10,1,0.5700,0.6056
between,features,pca,10,3,0.5702,0.6056
between,features,pca,10,5,0.5676,0.6024
between,features,pca,10,7,0.5719,0.6049
between,features,pca,10,9,0.5806,0.6148
between,features,pca,10,11,0.5793,0.6135
between,features,pca,10,13,0.5813,0.6153
between,features,pca,10,15,0.5875,0.6216
between,features,pca,10,17,0.5902,0.6233
between,features,pca,10,19,0.5898,0.6235
between,features,relieff,10,1,0.4985,0.5417
between,features,relieff,10,3,0.4933,0.5365
between,features,relieff,10,5,0.4915,0.5320
between,features,relieff,10,7,0.4931,0.5345
between,features,relieff,10,9,0.4919,0.5331
between,features,relieff,10,11,0.4908,0.5334
between,features,relieff,10,13,0.4930,0.5363
between,features,relieff,10,15,0.4876,0.5309
between,features,relieff,10,17,0.4909,0.5354
between,features,relieff,10,19,0.4904,0.5354
between,embeddings,all,1,1,0.4375,0.4706
between,embeddings,all,1,3,0.4377,0.4713
between,embeddings,all,1,5,0.4304,0.4620
between,embeddings,all,1,7,0.4320,0.4622
between,embeddings,all,1,9,0.4309,0.4602
between,embeddings,all,1,11,0.4291,0.4590
between,embeddings,all,1,13,0.4307,0.4603
between,embeddings,all,1,15,0.4274,0.4564
between,embeddings,all,1,17,0.4279,0.4570
between,embeddings,all,1,19,0.4254,0.4538
between,embeddings,pca,1,1,0.3762,0.4154
between,embeddings,pca,1,3,0.3796,0.4167
between,embeddings,pca,1,5,0.3809,0.4158
between,embeddings,pca,1,7,0.3856,0.4200
between,embeddings,pca,1,9,0.3869,0.4211
between,embeddings,pca,1,11,0.3838,0.4172
between,embeddings,pca,1,13,0.3840,0.4182
between,embeddings,pca,1,15,0.3845,0.4180
between,embeddings,pca,1,17,0.3829,0.4161
between,embeddings,pca,1,19,0.3829,0.4163
between,embeddings,relieff,1,1,0.3535,0.4230
between,embeddings,relieff,1,3,0.3482,0.4120
between,embeddings,relieff,1,5,0.3474,0.4085
between,embeddings,relieff,1,7,0.3400,0.4000
between,embeddings,relieff,1,9,0.3345,0.3940
between,embeddings,relieff,1,11,0.3309,0.3892
between,embeddings,relieff,1,13,0.3288,0.3862
between,embeddings,relieff,1,15,0.3275,0.3834
between,embeddings,relieff,1,17,0.3304,0.3857
between,embeddings,relieff,1,19,0.3290,0.3836
between,embeddings,all,2,1,0.4384,0.4756
between,embeddings,all,2,3,0.4330,0.4698
between,embeddings,all,2,5,0.4243,0.4606
between,embeddings,all,2,7,0.4216,0.4583
between,embeddings,all,2,9,0.4204,0.4561
between,embeddings,all,2,11,0.4169,0.4528
between,embeddings,all,2,13,0.4163,0.4523
between,embeddings,all,2,15,0.4186,0.4545
between,embeddings,all,2,17,0.4172,0.4521
between,embeddings,all,2,19,0.4164,0.4518
between,embeddings,pca,2,1,0.4028,0.4404
between,embeddings,pca,2,3,0.4035,0.4406
between,embeddings,pca,2,5,0.4025,0.4395
between,embeddings,pca,2,7,0.4005,0.4377
between,embeddings,pca,2,9,0.3983,0.4352
between,embeddings,pca,2,11,0.4044,0.4402
between,embeddings,pca,2,13,0.4014,0.4368
between,embeddings,pca,2,15,0.3957,0.4323
between,embeddings,pca,2,17,0.3950,0.4310
between,embeddings,pca,2,19,0.3976,0.4323
between,embeddings,relieff,2,1,0.3883,0.4454
between,embeddings,relieff,2,3,0.3875,0.4449
between,embeddings,relieff,2,5,0.3819,0.4388
between,embeddings,relieff,2,7,0.3813,0.4372
between,embeddings,relieff,2,9,0.3784,0.4350
between,embeddings,relieff,2,11,0.3810,0.4370
between,embeddings,relieff,2,13,0.3812,0.4366
between,embeddings,relieff,2,15,0.3832,0.4388
between,embeddings,relieff,2,17,0.3805,0.4353
between,embeddings,relieff,2,19,0.3777,0.4328
between,embeddings,all,3,1,0.4481,0.4848
between,embeddings,all,3,3,0.4468,0.4822
between,embeddings,all,3,5,0.4460,0.4802
between,embeddings,all,3,7,0.4439,0.4780
between,embeddings,all,3,9,0.4382,0.4718
between,embeddings,all,3,11,0.4401,0.4737
between,embeddings,all,3,13,0.4381,0.4722
between,embeddings,all,3,15,0.4393,0.4729
between,embeddings,all,3,17,0.4344,0.4689
between,embeddings,all,3,19,0.4323,0.4667
between,embeddings,pca,3,1,0.3917,0.4319
between,embeddings,pca,3,3,0.3914,0.4294
between,embeddings,pca,3,5,0.3901,0.4294
between,embeddings,pca,3,7,0.3930,0.4317
between,embeddings,pca,3,9,0.4008,0.4397
between,embeddings,pca,3,11,0.4031,0.4427
between,embeddings,pca,3,13,0.4030,0.4418
between,embeddings,pca,3,15,0.4056,0.4438
between,embeddings,pca,3,17,0.4044,0.4428
between,embeddings,pca,3,19,0.4103,0.4483
between,embeddings,relieff,3,1,0.4232,0.4755
between,embeddings,relieff,3,3,0.4268,0.4788
between,embeddings,relieff,3,5,0.4296,0.4826
between,embeddings,relieff,3,7,0.4330,0.4842
between,embeddings,relieff,3,9,0.4338,0.4848
between,embeddings,relieff,3,11,0.4322,0.4842
between,embeddings,relieff,3,13,0.4369,0.4884
between,embeddings,relieff,3,15,0.4396,0.4915
between,embeddings,relieff,3,17,0.4464,0.4979
between,embeddings,relieff,3,19,0.4473,0.5005
between,embeddings,all,4,1,0.4385,0.4735
between,embeddings,all,4,3,0.4260,0.4591
between,embeddings,all,4,5,0.4267,0.4608
between,embeddings,all,4,7,0.4249,0.4593
between,embeddings,all,4,9,0.4198,0.4545
between,embeddings,all,4,11,0.4217,0.4563
between,embeddings,all,4,13,0.4151,0.4504
between,embeddings,all,4,15,0.4160,0.4511
between,embeddings,all,4,17,0.4153,0.4513
between,embeddings,all,4,19,0.4157,0.4518
between,embeddings,pca,4,1,0.3919,0.4297
between,embeddings,pca,4,3,0.3884,0.4258
between,embeddings,pca,4,5,0.3968,0.4335
between,embeddings,pca,4,7,0.3951,0.4314
between,embeddings,pca,4,9,0.3952,0.4315
between,embeddings,pca,4,11,0.3957,0.4321
between,embeddings,pca,4,13,0.3948,0.4308
between,embeddings,pca,4,15,0.3959,0.4319
between,embeddings,pca,4,17,0.3968,0.4335
between,embeddings,pca,4,19,0.3943,0.4306
between,embeddings,relieff,4,1,0.4060,0.4600
between,embeddings,relieff,4,3,0.4134,0.4665
between,embeddings,relieff,4,5,0.4085,0.4604
between,embeddings,relieff,4,7,0.4102,0.4620
between,embeddings,relieff,4,9,0.4140,0.4652
between,embeddings,relieff,4,11,0.4111,0.4624
between,embeddings,relieff,4,13,0.4104,0.4606
between,embeddings,relieff,4,15,0.4116,0.4631
between,embeddings,relieff,4,17,0.4122,0.4640
between,embeddings,relieff,4,19,0.4126,0.4640
between,embeddings,all,5,1,0.4427,0.4812
between,embeddings,all,5,3,0.4352,0.4717
between,embeddings,all,5,5,0.4216,0.4555
between,embeddings,all,5,7,0.4230,0.4547
between,embeddings,all,5,9,0.4288,0.4584
between,embeddings,all,5,11,0.4251,0.4549
between,embeddings,all,5,13,0.4220,0.4520
between,embeddings,all,5,15,0.4242,0.4538
between,embeddings,all,5,17,0.4208,0.4501
between,embeddings,all,5,19,0.4174,0.4472
between,embeddings,pca,5,1,0.3748,0.4202
between,embeddings,pca,5,3,0.3708,0.4119
between,embeddings,pca,5,5,0.3752,0.4145
between,embeddings,pca,5,7,0.3808,0.4187
between,embeddings,pca,5,9,0.3822,0.4178
between,embeddings,pca,5,11,0.3863,0.4217
between,embeddings,pca,5,13,0.3869,0.4222
between,embeddings,pca,5,15,0.3871,0.4222
between,embeddings,pca,5,17,0.3871,0.4215
between,embeddings,pca,5,19,0.3856,0.4195
between,embeddings,relieff,5,1,0.3618,0.4346
between,embeddings,relieff,5,3,0.3566,0.4261
between,embeddings,relieff,5,5,0.3581,0.4256
between,embeddings,relieff,5,7,0.3556,0.4228
between,embeddings,relieff,5,9,0.3595,0.4254
between,embeddings,relieff,5,11,0.3593,0.4245
between,embeddings,relieff,5,13,0.3575,0.4221
between,embeddings,relieff,5,15,0.3599,0.4233
between,embeddings,relieff,5,17,0.3581,0.4217
between,embeddings,relieff,5,19,0.3563,0.4193
between,embeddings,all,6,1,0.4496,0.4878
between,embeddings,all,6,3,0.4533,0.4872
between,embeddings,all,6,5,0.4556,0.4876
between,embeddings,all,6,7,0.4537,0.4857
between,embeddings,all,6,9,0.4498,0.4828
between,embeddings,all,6,11,0.4511,0.4844
between,embeddings,all,6,13,0.4503,0.4833
between,embeddings,all,6,15,0.4491,0.4830
between,embeddings,all,6,17,0.4488,0.4828
between,embeddings,all,6,19,0.4478,0.4807
between,embeddings,pca,6,1,0.4193,0.4618
between,embeddings,pca,6,3,0.4217,0.4622
between,embeddings,pca,6,5,0.4240,0.4611
between,embeddings,pca,6,7,0.4216,0.4583
between,embeddings,pca,6,9,0.4250,0.4618
between,embeddings,pca,6,11,0.4229,0.4589
between,embeddings,pca,6,13,0.4256,0.4600
between,embeddings,pca,6,15,0.4255,0.4598
between,embeddings,pca,6,17,0.4257,0.4590
between,embeddings,pca,6,19,0.4298,0.4626
between,embeddings,relieff,6,1,0.4093,0.4663
between,embeddings,relieff,6,3,0.4107,0.4635
between,embeddings,relieff,6,5,0.4144,0.4659
between,embeddings,relieff,6,7,0.4138,0.4652
between,embeddings,relieff,6,9,0.4141,0.4653
between,embeddings,relieff,6,11,0.4143,0.4650
between,embeddings,relieff,6,13,0.4136,0.4642
between,embeddings,relieff,6,15,0.4130,0.4644
between,embeddings,relieff,6,17,0.4163,0.4668
between,embeddings,relieff,6,19,0.4159,0.4663
between,embeddings,all,7,1,0.4314,0.4645
between,embeddings,all,7,3,0.4317,0.4648
between,embeddings,all,7,5,0.4314,0.4659
between,embeddings,all,7,7,0.4278,0.4617
between,embeddings,all,7,9,0.4282,0.4617
between,embeddings,all,7,11,0.4268,0.4602
between,embeddings,all,7,13,0.4273,0.4604
between,embeddings,all,7,15,0.4238,0.4556
between,embeddings,all,7,17,0.4235,0.4556
between,embeddings,all,7,19,0.4224,0.4545
between,embeddings,pca,7,1,0.3761,0.4142
between,embeddings,pca,7,3,0.3763,0.4159
between,embeddings,pca,7,5,0.3820,0.4207
between,embeddings,pca,7,7,0.3834,0.4209
between,embeddings,pca,7,9,0.3850,0.4220
between,embeddings,pca,7,11,0.3805,0.4168
between,embeddings,pca,7,13,0.3803,0.4168
between,embeddings,pca,7,15,0.3794,0.4161
between,embeddings,pca,7,17,0.3776,0.4144
between,embeddings,pca,7,19,0.3777,0.4137
between,embeddings,relieff,7,1,0.3657,0.4321
between,embeddings,relieff,7,3,0.3673,0.4301
between,embeddings,relieff,7,5,0.3650,0.4277
between,embeddings,relieff,7,7,0.3667,0.4294
between,embeddings,relieff,7,9,0.3660,0.4277
between,embeddings,relieff,7,11,0.3710,0.4321
between,embeddings,relieff,7,13,0.3717,0.4323
between,embeddings,relieff,7,15,0.3766,0.4367
between,embeddings,relieff,7,17,0.3739,0.4345
between,embeddings,relieff,7,19,0.3738,0.4345
between,embeddings,all,8,1,0.4323,0.4652
between,embeddings,all,8,3,0.4288,0.4628
between,embeddings,all,8,5,0.4286,0.4614
between,embeddings,all,8,7,0.4283,0.4590
between,embeddings,all,8,9,0.4218,0.4518
between,embeddings,all,8,11,0.4228,0.4520
between,embeddings,all,8,13,0.4172,0.4456
between,embeddings,all,8,15,0.4186,0.4470
between,embeddings,all,8,17,0.4179,0.4459
between,embeddings,all,8,19,0.4173,0.4457
between,embeddings,pca,8,1,0.3858,0.4217
between,embeddings,pca,8,3,0.3827,0.4171
between,embeddings,pca,8,5,0.3854,0.4164
between,embeddings,pca,8,7,0.3896,0.4208
between,embeddings,pca,8,9,0.3853,0.4162
between,embeddings,pca,8,11,0.3855,0.4153
between,embeddings,pca,8,13,0.3861,0.4153
between,embeddings,pca,8,15,0.3869,0.4153
between,embeddings,pca,8,17,0.3839,0.4120
between,embeddings,pca,8,19,0.3835,0.4116
between,embeddings,relieff,8,1,0.3864,0.4498
between,embeddings,relieff,8,3,0.3871,0.4491
between,embeddings,relieff,8,5,0.3903,0.4538
between,embeddings,relieff,8,7,0.3928,0.4560
between,embeddings,relieff,8,9,0.3909,0.4529
between,embeddings,relieff,8,11,0.3890,0.4502
between,embeddings,relieff,8,13,0.3860,0.4463
between,embeddings,relieff,8,15,0.3870,0.4481
between,embeddings,relieff,8,17,0.3872,0.4481
between,embeddings,relieff,8,19,0.3874,0.4483
between,embeddings,all,9,1,0.4353,0.4651
between,embeddings,all,9,3,0.4453,0.4728
between,embeddings,all,9,5,0.4453,0.4719
between,embeddings,all,9,7,0.4484,0.4726
between,embeddings,all,9,9,0.4534,0.4772
between,embeddings,all,9,11,0.4455,0.4693
between,embeddings,all,9,13,0.4511,0.4743
between,embeddings,all,9,15,0.4500,0.4733
between,embeddings,all,9,17,0.4495,0.4732
between,embeddings,all,9,19,0.4518,0.4741
between,embeddings,pca,9,1,0.3987,0.4343
between,embeddings,pca,9,3,0.4052,0.4371
between,embeddings,pca,9,5,0.4067,0.4358
between,embeddings,pca,9,7,0.4105,0.4382
between,embeddings,pca,9,9,0.4134,0.4400
between,embeddings,pca,9,11,0.4174,0.4424
between,embeddings,pca,9,13,0.4145,0.4393
between,embeddings,pca,9,15,0.4134,0.4372
between,embeddings,pca,9,17,0.4166,0.4405
between,embeddings,pca,9,19,0.4149,0.4382
between,embeddings,relieff,9,1,0.4115,0.4556
between,embeddings,relieff,9,3,0.4092,0.4495
between,embeddings,relieff,9,5,0.4120,0.4495
between,embeddings,relieff,9,7,0.4087,0.4446
between,embeddings,relieff,9,9,0.4131,0.4495
between,embeddings,relieff,9,11,0.4147,0.4508
between,embeddings,relieff,9,13,0.4121,0.4484
between,embeddings,relieff,9,15,0.4129,0.4491
between,embeddings,relieff,9,17,0.4169,0.4532
between,embeddings,relieff,9,19,0.4156,0.4512
between,embeddings,all,10,1,0.4526,0.4846
between,embeddings,all,10,3,0.4500,0.4784
between,embeddings,all,10,5,0.4527,0.4809
between,embeddings,all,10,7,0.4448,0.4730
between,embeddings,all,10,9,0.4440,0.4719
between,embeddings,all,10,11,0.4462,0.4757
between,embeddings,all,10,13,0.4472,0.4757
between,embeddings,all,10,15,0.4475,0.4755
between,embeddings,all,10,17,0.4479,0.4757
between,embeddings,all,10,19,0.4495,0.4787
between,embeddings,pca,10,1,0.4021,0.4424
between,embeddings,pca,10,3,0.4018,0.4428
between,embeddings,pca,10,5,0.3982,0.4380
between,embeddings,pca,10,7,0.4017,0.4407
between,embeddings,pca,10,9,0.4021,0.4398
between,embeddings,pca,10,11,0.3981,0.4373
between,embeddings,pca,10,13,0.4030,0.4412
between,embeddings,pca,10,15,0.4063,0.4442
between,embeddings,pca,10,17,0.4066,0.4449
between,embeddings,pca,10,19,0.4051,0.4437
between,embeddings,relieff,10,1,0.4055,0.4628
between,embeddings,relieff,10,3,0.3988,0.4526
between,embeddings,relieff,10,5,0.3988,0.4530
between,embeddings,relieff,10,7,0.4005,0.4560
between,embeddings,relieff,10,9,0.4021,0.4564
between,embeddings,relieff,10,11,0.4048,0.4601
between,embeddings,relieff,10,13,0.4067,0.4639
between,embeddings,relieff,10,15,0.4088,0.4646
between,embeddings,relieff,10,17,0.4101,0.4675
between,embeddings,relieff,10,19,0.4126,0.4710
between,embeddings,all,1,1,0.4375,0.4706
between,embeddings,all,1,3,0.4377,0.4713
between,embeddings,all,1,5,0.4304,0.4620
between,embeddings,all,1,7,0.4320,0.4622
between,embeddings,all,1,9,0.4309,0.4602
between,embeddings,all,1,11,0.4291,0.4590
between,embeddings,all,1,13,0.4307,0.4603
between,embeddings,all,1,15,0.4274,0.4564
between,embeddings,all,1,17,0.4279,0.4570
between,embeddings,all,1,19,0.4254,0.4538
between,embeddings,pca,1,1,0.3762,0.4154
between,embeddings,pca,1,3,0.3796,0.4167
between,embeddings,pca,1,5,0.3809,0.4158
between,embeddings,pca,1,7,0.3856,0.4200
between,embeddings,pca,1,9,0.3869,0.4211
between,embeddings,pca,1,11,0.3838,0.4172
between,embeddings,pca,1,13,0.3840,0.4182
between,embeddings,pca,1,15,0.3845,0.4180
between,embeddings,pca,1,17,0.3829,0.4161
between,embeddings,pca,1,19,0.3829,0.4163
between,embeddings,relieff,1,1,0.3535,0.4230
between,embeddings,relieff,1,3,0.3482,0.4120
between,embeddings,relieff,1,5,0.3474,0.4085
between,embeddings,relieff,1,7,0.3400,0.4000
between,embeddings,relieff,1,9,0.3345,0.3940
between,embeddings,relieff,1,11,0.3309,0.3892
between,embeddings,relieff,1,13,0.3288,0.3862
between,embeddings,relieff,1,15,0.3275,0.3834
between,embeddings,relieff,1,17,0.3304,0.3857
between,embeddings,relieff,1,19,0.3290,0.3836
between,embeddings,all,2,1,0.4384,0.4756
between,embeddings,all,2,3,0.4330,0.4698
between,embeddings,all,2,5,0.4243,0.4606
between,embeddings,all,2,7,0.4216,0.4583
between,embeddings,all,2,9,0.4204,0.4561
between,embeddings,all,2,11,0.4169,0.4528
between,embeddings,all,2,13,0.4163,0.4523
between,embeddings,all,2,15,0.4186,0.4545
between,embeddings,all,2,17,0.4172,0.4521
between,embeddings,all,2,19,0.4164,0.4518
between,embeddings,pca,2,1,0.4028,0.4404
between,embeddings,pca,2,3,0.4035,0.4406
between,embeddings,pca,2,5,0.4025,0.4395
between,embeddings,pca,2,7,0.4005,0.4377
between,embeddings,pca,2,9,0.3983,0.4352
between,embeddings,pca,2,11,0.4044,0.4402
between,embeddings,pca,2,13,0.4014,0.4368
between,embeddings,pca,2,15,0.3957,0.4323
between,embeddings,pca,2,17,0.3950,0.4310
between,embeddings,pca,2,19,0.3976,0.4323
between,embeddings,relieff,2,1,0.3883,0.4454
between,embeddings,relieff,2,3,0.3875,0.4449
between,embeddings,relieff,2,5,0.3819,0.4388
between,embeddings,relieff,2,7,0.3813,0.4372
between,embeddings,relieff,2,9,0.3784,0.4350
between,embeddings,relieff,2,11,0.3810,0.4370
between,embeddings,relieff,2,13,0.3812,0.4366
between,embeddings,relieff,2,15,0.3832,0.4388
between,embeddings,relieff,2,17,0.3805,0.4353
between,embeddings,relieff,2,19,0.3777,0.4328
between,embeddings,all,3,1,0.4481,0.4848
between,embeddings,all,3,3,0.4468,0.4822
between,embeddings,all,3,5,0.4460,0.4802
between,embeddings,all,3,7,0.4439,0.4780
between,embeddings,all,3,9,0.4382,0.4718
between,embeddings,all,3,11,0.4401,0.4737
between,embeddings,all,3,13,0.4381,0.4722
between,embeddings,all,3,15,0.4393,0.4729
between,embeddings,all,3,17,0.4344,0.4689
between,embeddings,all,3,19,0.4323,0.4667
between,embeddings,pca,3,1,0.3917,0.4319
between,embeddings,pca,3,3,0.3914,0.4294
between,embeddings,pca,3,5,0.3901,0.4294
between,embeddings,pca,3,7,0.3930,0.4317
between,embeddings,pca,3,9,0.4008,0.4397
between,embeddings,pca,3,11,0.4031,0.4427
between,embeddings,pca,3,13,0.4030,0.4418
between,embeddings,pca,3,15,0.4056,0.4438
between,embeddings,pca,3,17,0.4044,0.4428
between,embeddings,pca,3,19,0.4103,0.4483
between,embeddings,relieff,3,1,0.4232,0.4755
between,embeddings,relieff,3,3,0.4268,0.4788
between,embeddings,relieff,3,5,0.4296,0.4826
between,embeddings,relieff,3,7,0.4330,0.4842
between,embeddings,relieff,3,9,0.4338,0.4848
between,embeddings,relieff,3,11,0.4322,0.4842
between,embeddings,relieff,3,13,0.4369,0.4884
between,embeddings,relieff,3,15,0.4396,0.4915
between,embeddings,relieff,3,17,0.4464,0.4979
between,embeddings,relieff,3,19,0.4473,0.5005
between,embeddings,all,4,1,0.4385,0.4735
between,embeddings,all,4,3,0.4260,0.4591
between,embeddings,all,4,5,0.4267,0.4608
between,embeddings,all,4,7,0.4249,0.4593
between,embeddings,all,4,9,0.4198,0.4545
between,embeddings,all,4,11,0.4217,0.4563
between,embeddings,all,4,13,0.4151,0.4504
between,embeddings,all,4,15,0.4160,0.4511
between,embeddings,all,4,17,0.4153,0.4513
between,embeddings,all,4,19,0.4157,0.4518
between,embeddings,pca,4,1,0.3919,0.4297
between,embeddings,pca,4,3,0.3884,0.4258
between,embeddings,pca,4,5,0.3968,0.4335
between,embeddings,pca,4,7,0.3951,0.4314
between,embeddings,pca,4,9,0.3952,0.4315
between,embeddings,pca,4,11,0.3957,0.4321
between,embeddings,pca,4,13,0.3948,0.4308
between,embeddings,pca,4,15,0.3959,0.4319
between,embeddings,pca,4,17,0.3968,0.4335
between,embeddings,pca,4,19,0.3943,0.4306
between,embeddings,relieff,4,1,0.4060,0.4600
between,embeddings,relieff,4,3,0.4134,0.4665
between,embeddings,relieff,4,5,0.4085,0.4604
between,embeddings,relieff,4,7,0.4102,0.4620
between,embeddings,relieff,4,9,0.4140,0.4652
between,embeddings,relieff,4,11,0.4111,0.4624
between,embeddings,relieff,4,13,0.4104,0.4606
between,embeddings,relieff,4,15,0.4116,0.4631
between,embeddings,relieff,4,17,0.4122,0.4640
between,embeddings,relieff,4,19,0.4126,0.4640
between,embeddings,all,5,1,0.4427,0.4812
between,embeddings,all,5,3,0.4352,0.4717
between,embeddings,all,5,5,0.4216,0.4555
between,embeddings,all,5,7,0.4230,0.4547
between,embeddings,all,5,9,0.4288,0.4584
between,embeddings,all,5,11,0.4251,0.4549
between,embeddings,all,5,13,0.4220,0.4520
between,embeddings,all,5,15,0.4242,0.4538
between,embeddings,all,5,17,0.4208,0.4501
between,embeddings,all,5,19,0.4174,0.4472
between,embeddings,pca,5,1,0.3748,0.4202
between,embeddings,pca,5,3,0.3708,0.4119
between,embeddings,pca,5,5,0.3752,0.4145
between,embeddings,pca,5,7,0.3808,0.4187
between,embeddings,pca,5,9,0.3822,0.4178
between,embeddings,pca,5,11,0.3863,0.4217
between,embeddings,pca,5,13,0.3869,0.4222
between,embeddings,pca,5,15,0.3871,0.4222
between,embeddings,pca,5,17,0.3871,0.4215
between,embeddings,pca,5,19,0.3856,0.4195
between,embeddings,relieff,5,1,0.3618,0.4346
between,embeddings,relieff,5,3,0.3566,0.4261
between,embeddings,relieff,5,5,0.3581,0.4256
between,embeddings,relieff,5,7,0.3556,0.4228
between,embeddings,relieff,5,9,0.3595,0.4254
between,embeddings,relieff,5,11,0.3593,0.4245
between,embeddings,relieff,5,13,0.3575,0.4221
between,embeddings,relieff,5,15,0.3599,0.4233
between,embeddings,relieff,5,17,0.3581,0.4217
between,embeddings,relieff,5,19,0.3563,0.4193
between,embeddings,all,6,1,0.4496,0.4878
between,embeddings,all,6,3,0.4533,0.4872
between,embeddings,all,6,5,0.4556,0.4876
between,embeddings,all,6,7,0.4537,0.4857
between,embeddings,all,6,9,0.4498,0.4828
between,embeddings,all,6,11,0.4511,0.4844
between,embeddings,all,6,13,0.4503,0.4833
between,embeddings,all,6,15,0.4491,0.4830
between,embeddings,all,6,17,0.4488,0.4828
between,embeddings,all,6,19,0.4478,0.4807
between,embeddings,pca,6,1,0.4193,0.4618
between,embeddings,pca,6,3,0.4217,0.4622
between,embeddings,pca,6,5,0.4240,0.4611
between,embeddings,pca,6,7,0.4216,0.4583
between,embeddings,pca,6,9,0.4250,0.4618
between,embeddings,pca,6,11,0.4229,0.4589
between,embeddings,pca,6,13,0.4256,0.4600
between,embeddings,pca,6,15,0.4255,0.4598
between,embeddings,pca,6,17,0.4257,0.4590
between,embeddings,pca,6,19,0.4298,0.4626
between,embeddings,relieff,6,1,0.4093,0.4663
between,embeddings,relieff,6,3,0.4107,0.4635
between,embeddings,relieff,6,5,0.4144,0.4659
between,embeddings,relieff,6,7,0.4138,0.4652
between,embeddings,relieff,6,9,0.4141,0.4653
between,embeddings,relieff,6,11,0.4143,0.4650
between,embeddings,relieff,6,13,0.4136,0.4642
between,embeddings,relieff,6,15,0.4130,0.4644
between,embeddings,relieff,6,17,0.4163,0.4668
between,embeddings,relieff,6,19,0.4159,0.4663
between,embeddings,all,7,1,0.4314,0.4645
between,embeddings,all,7,3,0.4317,0.4648
between,embeddings,all,7,5,0.4314,0.4659
between,embeddings,all,7,7,0.4278,0.4617
between,embeddings,all,7,9,0.4282,0.4617
between,embeddings,all,7,11,0.4268,0.4602
between,embeddings,all,7,13,0.4273,0.4604
between,embeddings,all,7,15,0.4238,0.4556
between,embeddings,all,7,17,0.4235,0.4556
between,embeddings,all,7,19,0.4224,0.4545
between,embeddings,pca,7,1,0.3761,0.4142
between,embeddings,pca,7,3,0.3763,0.4159
between,embeddings,pca,7,5,0.3820,0.4207
between,embeddings,pca,7,7,0.3834,0.4209
between,embeddings,pca,7,9,0.3850,0.4220
between,embeddings,pca,7,11,0.3805,0.4168
between,embeddings,pca,7,13,0.3803,0.4168
between,embeddings,pca,7,15,0.3794,0.4161
between,embeddings,pca,7,17,0.3776,0.4144
between,embeddings,pca,7,19,0.3777,0.4137
between,embeddings,relieff,7,1,0.3657,0.4321
between,embeddings,relieff,7,3,0.3673,0.4301
between,embeddings,relieff,7,5,0.3650,0.4277
between,embeddings,relieff,7,7,0.3667,0.4294
between,embeddings,relieff,7,9,0.3660,0.4277
between,embeddings,relieff,7,11,0.3710,0.4321
between,embeddings,relieff,7,13,0.3717,0.4323
between,embeddings,relieff,7,15,0.3766,0.4367
between,embeddings,relieff,7,17,0.3739,0.4345
between,embeddings,relieff,7,19,0.3738,0.4345
between,embeddings,all,8,1,0.4323,0.4652
between,embeddings,all,8,3,0.4288,0.4628
between,embeddings,all,8,5,0.4286,0.4614
between,embeddings,all,8,7,0.4283,0.4590
between,embeddings,all,8,9,0.4218,0.4518
between,embeddings,all,8,11,0.4228,0.4520
between,embeddings,all,8,13,0.4172,0.4456
between,embeddings,all,8,15,0.4186,0.4470
between,embeddings,all,8,17,0.4179,0.4459
between,embeddings,all,8,19,0.4173,0.4457
between,embeddings,pca,8,1,0.3858,0.4217
between,embeddings,pca,8,3,0.3827,0.4171
between,embeddings,pca,8,5,0.3854,0.4164
between,embeddings,pca,8,7,0.3896,0.4208
between,embeddings,pca,8,9,0.3853,0.4162
between,embeddings,pca,8,11,0.3855,0.4153
between,embeddings,pca,8,13,0.3861,0.4153
between,embeddings,pca,8,15,0.3869,0.4153
between,embeddings,pca,8,17,0.3839,0.4120
between,embeddings,pca,8,19,0.3835,0.4116
between,embeddings,relieff,8,1,0.3864,0.4498
between,embeddings,relieff,8,3,0.3871,0.4491
between,embeddings,relieff,8,5,0.3903,0.4538
between,embeddings,relieff,8,7,0.3928,0.4560
between,embeddings,relieff,8,9,0.3909,0.4529
between,embeddings,relieff,8,11,0.3890,0.4502
between,embeddings,relieff,8,13,0.3860,0.4463
between,embeddings,relieff,8,15,0.3870,0.4481
between,embeddings,relieff,8,17,0.3872,0.4481
between,embeddings,relieff,8,19,0.3874,0.4483
between,embeddings,all,9,1,0.4353,0.4651
between,embeddings,all,9,3,0.4453,0.4728
between,embeddings,all,9,5,0.4453,0.4719
between,embeddings,all,9,7,0.4484,0.4726
between,embeddings,all,9,9,0.4534,0.4772
between,embeddings,all,9,11,0.4455,0.4693
between,embeddings,all,9,13,0.4511,0.4743
between,embeddings,all,9,15,0.4500,0.4733
between,embeddings,all,9,17,0.4495,0.4732
between,embeddings,all,9,19,0.4518,0.4741
between,embeddings,pca,9,1,0.3987,0.4343
between,embeddings,pca,9,3,0.4052,0.4371
between,embeddings,pca,9,5,0.4067,0.4358
between,embeddings,pca,9,7,0.4105,0.4382
between,embeddings,pca,9,9,0.4134,0.4400
between,embeddings,pca,9,11,0.4174,0.4424
between,embeddings,pca,9,13,0.4145,0.4393
between,embeddings,pca,9,15,0.4134,0.4372
between,embeddings,pca,9,17,0.4166,0.4405
between,embeddings,pca,9,19,0.4149,0.4382
between,embeddings,relieff,9,1,0.4115,0.4556
between,embeddings,relieff,9,3,0.4092,0.4495
between,embeddings,relieff,9,5,0.4120,0.4495
between,embeddings,relieff,9,7,0.4087,0.4446
between,embeddings,relieff,9,9,0.4131,0.4495
between,embeddings,relieff,9,11,0.4147,0.4508
between,embeddings,relieff,9,13,0.4121,0.4484
between,embeddings,relieff,9,15,0.4129,0.4491
between,embeddings,relieff,9,17,0.4169,0.4532
between,embeddings,relieff,9,19,0.4156,0.4512
between,embeddings,all,10,1,0.4526,0.4846
between,embeddings,all,10,3,0.4500,0.4784
between,embeddings,all,10,5,0.4527,0.4809
between,embeddings,all,10,7,0.4448,0.4730
between,embeddings,all,10,9,0.4440,0.4719
between,embeddings,all,10,11,0.4462,0.4757
between,embeddings,all,10,13,0.4472,0.4757
between,embeddings,all,10,15,0.4475,0.4755
between,embeddings,all,10,17,0.4479,0.4757
between,embeddings,all,10,19,0.4495,0.4787
between,embeddings,pca,10,1,0.4021,0.4424
between,embeddings,pca,10,3,0.4018,0.4428
between,embeddings,pca,10,5,0.3982,0.4380
between,embeddings,pca,10,7,0.4017,0.4407
between,embeddings,pca,10,9,0.4021,0.4398
between,embeddings,pca,10,11,0.3981,0.4373
between,embeddings,pca,10,13,0.4030,0.4412
between,embeddings,pca,10,15,0.4063,0.4442
between,embeddings,pca,10,17,0.4066,0.4449
between,embeddings,pca,10,19,0.4051,0.4437
between,embeddings,relieff,10,1,0.4055,0.4628
between,embeddings,relieff,10,3,0.3988,0.4526
between,embeddings,relieff,10,5,0.3988,0.4530
between,embeddings,relieff,10,7,0.4005,0.4560
between,embeddings,relieff,10,9,0.4021,0.4564
between,embeddings,relieff,10,11,0.4048,0.4601
between,embeddings,relieff,10,13,0.4067,0.4639
between,embeddings,relieff,10,15,0.4088,0.4646
between,embeddings,relieff,10,17,0.4101,0.4675
between,embeddings,relieff,10,19,0.4126,0.4710
between,embeddings,all,1,1,0.4375,0.4706
between,embeddings,all,1,3,0.4377,0.4713
between,embeddings,all,1,5,0.4304,0.4620
between,embeddings,all,1,7,0.4320,0.4622
between,embeddings,all,1,9,0.4309,0.4602
between,embeddings,all,1,11,0.4291,0.4590
between,embeddings,all,1,13,0.4307,0.4603
between,embeddings,all,1,15,0.4274,0.4564
between,embeddings,all,1,17,0.4279,0.4570
between,embeddings,all,1,19,0.4254,0.4538
between,embeddings,pca,1,1,0.3762,0.4154
between,embeddings,pca,1,3,0.3796,0.4167
between,embeddings,pca,1,5,0.3809,0.4158
between,embeddings,pca,1,7,0.3856,0.4200
between,embeddings,pca,1,9,0.3869,0.4211
between,embeddings,pca,1,11,0.3838,0.4172
between,embeddings,pca,1,13,0.3840,0.4182
between,embeddings,pca,1,15,0.3845,0.4180
between,embeddings,pca,1,17,0.3829,0.4161
between,embeddings,pca,1,19,0.3829,0.4163
between,embeddings,relieff,1,1,0.3535,0.4230
between,embeddings,relieff,1,3,0.3482,0.4120
between,embeddings,relieff,1,5,0.3474,0.4085
between,embeddings,relieff,1,7,0.3400,0.4000
between,embeddings,relieff,1,9,0.3345,0.3940
between,embeddings,relieff,1,11,0.3309,0.3892
between,embeddings,relieff,1,13,0.3288,0.3862
between,embeddings,relieff,1,15,0.3275,0.3834
between,embeddings,relieff,1,17,0.3304,0.3857
between,embeddings,relieff,1,19,0.3290,0.3836
between,embeddings,all,2,1,0.4384,0.4756
between,embeddings,all,2,3,0.4330,0.4698
between,embeddings,all,2,5,0.4243,0.4606
between,embeddings,all,2,7,0.4216,0.4583
between,embeddings,all,2,9,0.4204,0.4561
between,embeddings,all,2,11,0.4169,0.4528
between,embeddings,all,2,13,0.4163,0.4523
between,embeddings,all,2,15,0.4186,0.4545
between,embeddings,all,2,17,0.4172,0.4521
between,embeddings,all,2,19,0.4164,0.4518
between,embeddings,pca,2,1,0.4028,0.4404
between,embeddings,pca,2,3,0.4035,0.4406
between,embeddings,pca,2,5,0.4025,0.4395
between,embeddings,pca,2,7,0.4005,0.4377
between,embeddings,pca,2,9,0.3983,0.4352
between,embeddings,pca,2,11,0.4044,0.4402
between,embeddings,pca,2,13,0.4014,0.4368
between,embeddings,pca,2,15,0.3957,0.4323
between,embeddings,pca,2,17,0.3950,0.4310
between,embeddings,pca,2,19,0.3976,0.4323
between,embeddings,relieff,2,1,0.3883,0.4454
between,embeddings,relieff,2,3,0.3875,0.4449
between,embeddings,relieff,2,5,0.3819,0.4388
between,embeddings,relieff,2,7,0.3813,0.4372
between,embeddings,relieff,2,9,0.3784,0.4350
between,embeddings,relieff,2,11,0.3810,0.4370
between,embeddings,relieff,2,13,0.3812,0.4366
between,embeddings,relieff,2,15,0.3832,0.4388
between,embeddings,relieff,2,17,0.3805,0.4353
between,embeddings,relieff,2,19,0.3777,0.4328
between,embeddings,all,3,1,0.4481,0.4848
between,embeddings,all,3,3,0.4468,0.4822
between,embeddings,all,3,5,0.4460,0.4802
between,embeddings,all,3,7,0.4439,0.4780
between,embeddings,all,3,9,0.4382,0.4718
between,embeddings,all,3,11,0.4401,0.4737
between,embeddings,all,3,13,0.4381,0.4722
between,embeddings,all,3,15,0.4393,0.4729
between,embeddings,all,3,17,0.4344,0.4689
between,embeddings,all,3,19,0.4323,0.4667
between,embeddings,pca,3,1,0.3917,0.4319
between,embeddings,pca,3,3,0.3914,0.4294
between,embeddings,pca,3,5,0.3901,0.4294
between,embeddings,pca,3,7,0.3930,0.4317
between,embeddings,pca,3,9,0.4008,0.4397
between,embeddings,pca,3,11,0.4031,0.4427
between,embeddings,pca,3,13,0.4030,0.4418
between,embeddings,pca,3,15,0.4056,0.4438
between,embeddings,pca,3,17,0.4044,0.4428
between,embeddings,pca,3,19,0.4103,0.4483
between,embeddings,relieff,3,1,0.4232,0.4755
between,embeddings,relieff,3,3,0.4268,0.4788
between,embeddings,relieff,3,5,0.4296,0.4826
between,embeddings,relieff,3,7,0.4330,0.4842
between,embeddings,relieff,3,9,0.4338,0.4848
between,embeddings,relieff,3,11,0.4322,0.4842
between,embeddings,relieff,3,13,0.4369,0.4884
between,embeddings,relieff,3,15,0.4396,0.4915
between,embeddings,relieff,3,17,0.4464,0.4979
between,embeddings,relieff,3,19,0.4473,0.5005
between,embeddings,all,4,1,0.4385,0.4735
between,embeddings,all,4,3,0.4260,0.4591
between,embeddings,all,4,5,0.4267,0.4608
between,embeddings,all,4,7,0.4249,0.4593
between,embeddings,all,4,9,0.4198,0.4545
between,embeddings,all,4,11,0.4217,0.4563
between,embeddings,all,4,13,0.4151,0.4504
between,embeddings,all,4,15,0.4160,0.4511
between,embeddings,all,4,17,0.4153,0.4513
between,embeddings,all,4,19,0.4157,0.4518
between,embeddings,pca,4,1,0.3919,0.4297
between,embeddings,pca,4,3,0.3884,0.4258
between,embeddings,pca,4,5,0.3968,0.4335
between,embeddings,pca,4,7,0.3951,0.4314
between,embeddings,pca,4,9,0.3952,0.4315
between,embeddings,pca,4,11,0.3957,0.4321
between,embeddings,pca,4,13,0.3948,0.4308
between,embeddings,pca,4,15,0.3959,0.4319
between,embeddings,pca,4,17,0.3968,0.4335
between,embeddings,pca,4,19,0.3943,0.4306
between,embeddings,relieff,4,1,0.4060,0.4600
between,embeddings,relieff,4,3,0.4134,0.4665
between,embeddings,relieff,4,5,0.4085,0.4604
between,embeddings,relieff,4,7,0.4102,0.4620
between,embeddings,relieff,4,9,0.4140,0.4652
between,embeddings,relieff,4,11,0.4111,0.4624
between,embeddings,relieff,4,13,0.4104,0.4606
between,embeddings,relieff,4,15,0.4116,0.4631
between,embeddings,relieff,4,17,0.4122,0.4640
between,embeddings,relieff,4,19,0.4126,0.4640
between,embeddings,all,5,1,0.4427,0.4812
between,embeddings,all,5,3,0.4352,0.4717
between,embeddings,all,5,5,0.4216,0.4555
between,embeddings,all,5,7,0.4230,0.4547
between,embeddings,all,5,9,0.4288,0.4584
between,embeddings,all,5,11,0.4251,0.4549
between,embeddings,all,5,13,0.4220,0.4520
between,embeddings,all,5,15,0.4242,0.4538
between,embeddings,all,5,17,0.4208,0.4501
between,embeddings,all,5,19,0.4174,0.4472
between,embeddings,pca,5,1,0.3748,0.4202
between,embeddings,pca,5,3,0.3708,0.4119
between,embeddings,pca,5,5,0.3752,0.4145
between,embeddings,pca,5,7,0.3808,0.4187
between,embeddings,pca,5,9,0.3822,0.4178
between,embeddings,pca,5,11,0.3863,0.4217
between,embeddings,pca,5,13,0.3869,0.4222
between,embeddings,pca,5,15,0.3871,0.4222
between,embeddings,pca,5,17,0.3871,0.4215
between,embeddings,pca,5,19,0.3856,0.4195
between,embeddings,relieff,5,1,0.3618,0.4346
between,embeddings,relieff,5,3,0.3566,0.4261
between,embeddings,relieff,5,5,0.3581,0.4256
between,embeddings,relieff,5,7,0.3556,0.4228
between,embeddings,relieff,5,9,0.3595,0.4254
between,embeddings,relieff,5,11,0.3593,0.4245
between,embeddings,relieff,5,13,0.3575,0.4221
between,embeddings,relieff,5,15,0.3599,0.4233
between,embeddings,relieff,5,17,0.3581,0.4217
between,embeddings,relieff,5,19,0.3563,0.4193
between,embeddings,all,6,1,0.4496,0.4878
between,embeddings,all,6,3,0.4533,0.4872
between,embeddings,all,6,5,0.4556,0.4876
between,embeddings,all,6,7,0.4537,0.4857
between,embeddings,all,6,9,0.4498,0.4828
between,embeddings,all,6,11,0.4511,0.4844
between,embeddings,all,6,13,0.4503,0.4833
between,embeddings,all,6,15,0.4491,0.4830
between,embeddings,all,6,17,0.4488,0.4828
between,embeddings,all,6,19,0.4478,0.4807
between,embeddings,pca,6,1,0.4193,0.4618
between,embeddings,pca,6,3,0.4217,0.4622
between,embeddings,pca,6,5,0.4240,0.4611
between,embeddings,pca,6,7,0.4216,0.4583
between,embeddings,pca,6,9,0.4250,0.4618
between,embeddings,pca,6,11,0.4229,0.4589
between,embeddings,pca,6,13,0.4256,0.4600
between,embeddings,pca,6,15,0.4255,0.4598
between,embeddings,pca,6,17,0.4257,0.4590
between,embeddings,pca,6,19,0.4298,0.4626
between,embeddings,relieff,6,1,0.4093,0.4663
between,embeddings,relieff,6,3,0.4107,0.4635
between,embeddings,relieff,6,5,0.4144,0.4659
between,embeddings,relieff,6,7,0.4138,0.4652
between,embeddings,relieff,6,9,0.4141,0.4653
between,embeddings,relieff,6,11,0.4143,0.4650
between,embeddings,relieff,6,13,0.4136,0.4642
between,embeddings,relieff,6,15,0.4130,0.4644
between,embeddings,relieff,6,17,0.4163,0.4668
between,embeddings,relieff,6,19,0.4159,0.4663
between,embeddings,all,7,1,0.4314,0.4645
between,embeddings,all,7,3,0.4317,0.4648
between,embeddings,all,7,5,0.4314,0.4659
between,embeddings,all,7,7,0.4278,0.4617
between,embeddings,all,7,9,0.4282,0.4617
between,embeddings,all,7,11,0.4268,0.4602
between,embeddings,all,7,13,0.4273,0.4604
between,embeddings,all,7,15,0.4238,0.4556
between,embeddings,all,7,17,0.4235,0.4556
between,embeddings,all,7,19,0.4224,0.4545
between,embeddings,pca,7,1,0.3761,0.4142
between,embeddings,pca,7,3,0.3763,0.4159
between,embeddings,pca,7,5,0.3820,0.4207
between,embeddings,pca,7,7,0.3834,0.4209
between,embeddings,pca,7,9,0.3850,0.4220
between,embeddings,pca,7,11,0.3805,0.4168
between,embeddings,pca,7,13,0.3803,0.4168
between,embeddings,pca,7,15,0.3794,0.4161
between,embeddings,pca,7,17,0.3776,0.4144
between,embeddings,pca,7,19,0.3777,0.4137
between,embeddings,relieff,7,1,0.3657,0.4321
between,embeddings,relieff,7,3,0.3673,0.4301
between,embeddings,relieff,7,5,0.3650,0.4277
between,embeddings,relieff,7,7,0.3667,0.4294
between,embeddings,relieff,7,9,0.3660,0.4277
between,embeddings,relieff,7,11,0.3710,0.4321
between,embeddings,relieff,7,13,0.3717,0.4323
between,embeddings,relieff,7,15,0.3766,0.4367
between,embeddings,relieff,7,17,0.3739,0.4345
between,embeddings,relieff,7,19,0.3738,0.4345
between,embeddings,all,8,1,0.4323,0.4652
between,embeddings,all,8,3,0.4288,0.4628
between,embeddings,all,8,5,0.4286,0.4614
between,embeddings,all,8,7,0.4283,0.4590
between,embeddings,all,8,9,0.4218,0.4518
between,embeddings,all,8,11,0.4228,0.4520
between,embeddings,all,8,13,0.4172,0.4456
between,embeddings,all,8,15,0.4186,0.4470
between,embeddings,all,8,17,0.4179,0.4459
between,embeddings,all,8,19,0.4173,0.4457
between,embeddings,pca,8,1,0.3858,0.4217
between,embeddings,pca,8,3,0.3827,0.4171
between,embeddings,pca,8,5,0.3854,0.4164
between,embeddings,pca,8,7,0.3896,0.4208
between,embeddings,pca,8,9,0.3853,0.4162
between,embeddings,pca,8,11,0.3855,0.4153
between,embeddings,pca,8,13,0.3861,0.4153
between,embeddings,pca,8,15,0.3869,0.4153
between,embeddings,pca,8,17,0.3839,0.4120
between,embeddings,pca,8,19,0.3835,0.4116
between,embeddings,relieff,8,1,0.3864,0.4498
between,embeddings,relieff,8,3,0.3871,0.4491
between,embeddings,relieff,8,5,0.3903,0.4538
between,embeddings,relieff,8,7,0.3928,0.4560
between,embeddings,relieff,8,9,0.3909,0.4529
between,embeddings,relieff,8,11,0.3890,0.4502
between,embeddings,relieff,8,13,0.3860,0.4463
between,embeddings,relieff,8,15,0.3870,0.4481
between,embeddings,relieff,8,17,0.3872,0.4481
between,embeddings,relieff,8,19,0.3874,0.4483
between,embeddings,all,9,1,0.4353,0.4651
between,embeddings,all,9,3,0.4453,0.4728
between,embeddings,all,9,5,0.4453,0.4719
between,embeddings,all,9,7,0.4484,0.4726
between,embeddings,all,9,9,0.4534,0.4772
between,embeddings,all,9,11,0.4455,0.4693
between,embeddings,all,9,13,0.4511,0.4743
between,embeddings,all,9,15,0.4500,0.4733
between,embeddings,all,9,17,0.4495,0.4732
between,embeddings,all,9,19,0.4518,0.4741
between,embeddings,pca,9,1,0.3987,0.4343
between,embeddings,pca,9,3,0.4052,0.4371
between,embeddings,pca,9,5,0.4067,0.4358
between,embeddings,pca,9,7,0.4105,0.4382
between,embeddings,pca,9,9,0.4134,0.4400
between,embeddings,pca,9,11,0.4174,0.4424
between,embeddings,pca,9,13,0.4145,0.4393
between,embeddings,pca,9,15,0.4134,0.4372
between,embeddings,pca,9,17,0.4166,0.4405
between,embeddings,pca,9,19,0.4149,0.4382
between,embeddings,relieff,9,1,0.4115,0.4556
between,embeddings,relieff,9,3,0.4092,0.4495
between,embeddings,relieff,9,5,0.4120,0.4495
between,embeddings,relieff,9,7,0.4087,0.4446
between,embeddings,relieff,9,9,0.4131,0.4495
between,embeddings,relieff,9,11,0.4147,0.4508
between,embeddings,relieff,9,13,0.4121,0.4484
between,embeddings,relieff,9,15,0.4129,0.4491
between,embeddings,relieff,9,17,0.4169,0.4532
between,embeddings,relieff,9,19,0.4156,0.4512
between,embeddings,all,10,1,0.4526,0.4846
between,embeddings,all,10,3,0.4500,0.4784
between,embeddings,all,10,5,0.4527,0.4809
between,embeddings,all,10,7,0.4448,0.4730
between,embeddings,all,10,9,0.4440,0.4719
between,embeddings,all,10,11,0.4462,0.4757
between,embeddings,all,10,13,0.4472,0.4757
between,embeddings,all,10,15,0.4475,0.4755
between,embeddings,all,10,17,0.4479,0.4757
between,embeddings,all,10,19,0.4495,0.4787
between,embeddings,pca,10,1,0.4021,0.4424
between,embeddings,pca,10,3,0.4018,0.4428
between,embeddings,pca,10,5,0.3982,0.4380
between,embeddings,pca,10,7,0.4017,0.4407
between,embeddings,pca,10,9,0.4021,0.4398
between,embeddings,pca,10,11,0.3981,0.4373
between,embeddings,pca,10,13,0.4030,0.4412
between,embeddings,pca,10,15,0.4063,0.4442
between,embeddings,pca,10,17,0.4066,0.4449
between,embeddings,pca,10,19,0.4051,0.4437
between,embeddings,relieff,10,1,0.4055,0.4628
between,embeddings,relieff,10,3,0.3988,0.4526
between,embeddings,relieff,10,5,0.3988,0.4530
between,embeddings,relieff,10,7,0.4005,0.4560
between,embeddings,relieff,10,9,0.4021,0.4564
between,embeddings,relieff,10,11,0.4048,0.4601
between,embeddings,relieff,10,13,0.4067,0.4639
between,embeddings,relieff,10,15,0.4088,0.4646
between,embeddings,relieff,10,17,0.4101,0.4675
between,embeddings,relieff,10,19,0.4126,0.4710
