split,dataset,scenario,iteration,k,f1_score,accuracy
within,features,all,1,1,0.8001,0.8191
within,features,all,1,3,0.7902,0.8062
within,features,all,1,5,0.7900,0.8056
within,features,all,1,7,0.7932,0.8091
within,features,all,1,9,0.7876,0.8047
within,features,all,1,11,0.7826,0.7993
within,features,all,1,13,0.7771,0.7969
within,features,all,1,15,0.7770,0.7956
within,features,all,1,17,0.7765,0.7940
within,features,all,1,19,0.7726,0.7898
within,features,pca,1,1,0.7456,0.7649
within,features,pca,1,3,0.7311,0.7509
within,features,pca,1,5,0.7304,0.7500
within,features,pca,1,7,0.7292,0.7471
within,features,pca,1,9,0.7238,0.7422
within,features,pca,1,11,0.7189,0.7387
within,features,pca,1,13,0.7153,0.7351
within,features,pca,1,15,0.7133,0.7331
within,features,pca,1,17,0.7142,0.7342
within,features,pca,1,19,0.7104,0.7304
within,features,relieff,1,1,0.7437,0.7627
within,features,relieff,1,3,0.7362,0.7538
within,features,relieff,1,5,0.7284,0.7438
within,features,relieff,1,7,0.7289,0.7436
within,features,relieff,1,9,0.7270,0.7411
within,features,relieff,1,11,0.7267,0.7415
within,features,relieff,1,13,0.7249,0.7384
within,features,relieff,1,15,0.7217,0.7353
within,features,relieff,1,17,0.7201,0.7327
within,features,relieff,1,19,0.7167,0.7282
within,features,all,2,1,0.8086,0.8284
within,features,all,2,3,0.8007,0.8200
within,features,all,2,5,0.7911,0.8105
within,features,all,2,7,0.7892,0.8102
within,features,all,2,9,0.7894,0.8102
within,features,all,2,11,0.7848,0.8053
within,features,all,2,13,0.7833,0.8042
within,features,all,2,15,0.7826,0.8040
within,features,all,2,17,0.7835,0.8049
within,features,all,2,19,0.7766,0.7975
within,features,pca,2,1,0.7567,0.7764
within,features,pca,2,3,0.7458,0.7671
within,features,pca,2,5,0.7399,0.7602
within,features,pca,2,7,0.7418,0.7615
within,features,pca,2,9,0.7418,0.7596
within,features,pca,2,11,0.7312,0.7502
within,features,pca,2,13,0.7281,0.7471
within,features,pca,2,15,0.7253,0.7436
within,features,pca,2,17,0.7191,0.7369
within,features,pca,2,19,0.7118,0.7305
within,features,relieff,2,1,0.7078,0.7262
within,features,relieff,2,3,0.6965,0.7129
within,features,relieff,2,5,0.6870,0.7042
within,features,relieff,2,7,0.6837,0.7000
within,features,relieff,2,9,0.6824,0.6993
within,features,relieff,2,11,0.6816,0.6982
within,features,relieff,2,13,0.6756,0.6911
within,features,relieff,2,15,0.6707,0.6856
within,features,relieff,2,17,0.6648,0.6791
within,features,relieff,2,19,0.6621,0.6771
within,features,all,3,1,0.8078,0.8251
within,features,all,3,3,0.7967,0.8142
within,features,all,3,5,0.7940,0.8107
within,features,all,3,7,0.8011,0.8167
within,features,all,3,9,0.8022,0.8173
within,features,all,3,11,0.7988,0.8138
within,features,all,3,13,0.7938,0.8102
within,features,all,3,15,0.7956,0.8113
within,features,all,3,17,0.7912,0.8075
within,features,all,3,19,0.7841,0.7995
within,features,pca,3,1,0.7597,0.7785
within,features,pca,3,3,0.7528,0.7696
within,features,pca,3,5,0.7440,0.7595
within,features,pca,3,7,0.7430,0.7582
within,features,pca,3,9,0.7434,0.7575
within,features,pca,3,11,0.7390,0.7547
within,features,pca,3,13,0.7368,0.7520
within,features,pca,3,15,0.7331,0.7475
within,features,pca,3,17,0.7281,0.7433
within,features,pca,3,19,0.7240,0.7396
within,features,relieff,3,1,0.7054,0.7216
within,features,relieff,3,3,0.7027,0.7200
within,features,relieff,3,5,0.6909,0.7064
within,features,relieff,3,7,0.6891,0.7018
within,features,relieff,3,9,0.6830,0.6980
within,features,relieff,3,11,0.6842,0.6985
within,features,relieff,3,13,0.6767,0.6916
within,features,relieff,3,15,0.6751,0.6885
within,features,relieff,3,17,0.6746,0.6869
within,features,relieff,3,19,0.6762,0.6896
within,features,all,4,1,0.8077,0.8256
within,features,all,4,3,0.8001,0.8173
within,features,all,4,5,0.8057,0.8218
within,features,all,4,7,0.7971,0.8140
within,features,all,4,9,0.7911,0.8091
within,features,all,4,11,0.7930,0.8091
within,features,all,4,13,0.7936,0.8089
within,features,all,4,15,0.7913,0.8067
within,features,all,4,17,0.7879,0.8036
within,features,all,4,19,0.7871,0.8031
within,features,pca,4,1,0.7573,0.7771
within,features,pca,4,3,0.7551,0.7727
within,features,pca,4,5,0.7480,0.7644
within,features,pca,4,7,0.7480,0.7625
within,features,pca,4,9,0.7441,0.7564
within,features,pca,4,11,0.7428,0.7549
within,features,pca,4,13,0.7454,0.7573
within,features,pca,4,15,0.7445,0.7562
within,features,pca,4,17,0.7386,0.7516
within,features,pca,4,19,0.7336,0.7467
within,features,relieff,4,1,0.7518,0.7711
within,features,relieff,4,3,0.7556,0.7729
within,features,relieff,4,5,0.7502,0.7667
within,features,relieff,4,7,0.7495,0.7649
within,features,relieff,4,9,0.7528,0.7685
within,features,relieff,4,11,0.7530,0.7684
within,features,relieff,4,13,0.7537,0.7673
within,features,relieff,4,15,0.7476,0.7622
within,features,relieff,4,17,0.7460,0.7605
within,features,relieff,4,19,0.7422,0.7558
within,features,all,5,1,0.8136,0.8320
within,features,all,5,3,0.8128,0.8316
within,features,all,5,5,0.8054,0.8225
within,features,all,5,7,0.7968,0.8131
within,features,all,5,9,0.7941,0.8100
within,features,all,5,11,0.7982,0.8140
within,features,all,5,13,0.7945,0.8122
within,features,all,5,15,0.7917,0.8096
within,features,all,5,17,0.7900,0.8071
within,features,all,5,19,0.7886,0.8049
within,features,pca,5,1,0.7594,0.7778
within,features,pca,5,3,0.7494,0.7696
within,features,pca,5,5,0.7385,0.7587
within,features,pca,5,7,0.7319,0.7513
within,features,pca,5,9,0.7263,0.7449
within,features,pca,5,11,0.7221,0.7422
within,features,pca,5,13,0.7209,0.7409
within,features,pca,5,15,0.7182,0.7373
within,features,pca,5,17,0.7168,0.7356
within,features,pca,5,19,0.7147,0.7325
within,features,relieff,5,1,0.6947,0.7131
within,features,relieff,5,3,0.6847,0.7020
within,features,relieff,5,5,0.6819,0.6958
within,features,relieff,5,7,0.6741,0.6895
within,features,relieff,5,9,0.6728,0.6869
within,features,relieff,5,11,0.6619,0.6775
within,features,relieff,5,13,0.6571,0.6722
within,features,relieff,5,15,0.6585,0.6736
within,features,relieff,5,17,0.6546,0.6696
within,features,relieff,5,19,0.6587,0.6733
within,features,all,6,1,0.8035,0.8213
within,features,all,6,3,0.8021,0.8218
within,features,all,6,5,0.7964,0.8144
within,features,all,6,7,0.7946,0.8138
within,features,all,6,9,0.7862,0.8065
within,features,all,6,11,0.7864,0.8069
within,features,all,6,13,0.7842,0.8031
within,features,all,6,15,0.7859,0.8042
within,features,all,6,17,0.7851,0.8038
within,features,all,6,19,0.7836,0.8020
within,features,pca,6,1,0.7583,0.7753
within,features,pca,6,3,0.7457,0.7647
within,features,pca,6,5,0.7376,0.7562
within,features,pca,6,7,0.7330,0.7500
within,features,pca,6,9,0.7293,0.7462
within,features,pca,6,11,0.7255,0.7420
within,features,pca,6,13,0.7250,0.7407
within,features,pca,6,15,0.7295,0.7438
within,features,pca,6,17,0.7236,0.7380
within,features,pca,6,19,0.7239,0.7375
within,features,relieff,6,1,0.7055,0.7245
within,features,relieff,6,3,0.7061,0.7225
within,features,relieff,6,5,0.7027,0.7169
within,features,relieff,6,7,0.6933,0.7082
within,features,relieff,6,9,0.6918,0.7067
within,features,relieff,6,11,0.6895,0.7045
within,features,relieff,6,13,0.6880,0.7022
within,features,relieff,6,15,0.6826,0.6975
within,features,relieff,6,17,0.6804,0.6936
within,features,relieff,6,19,0.6795,0.6931
within,features,all,7,1,0.8051,0.8225
within,features,all,7,3,0.8053,0.8191
within,features,all,7,5,0.8014,0.8156
within,features,all,7,7,0.7951,0.8113
within,features,all,7,9,0.7942,0.8111
within,features,all,7,11,0.7974,0.8118
within,features,all,7,13,0.7973,0.8118
within,features,all,7,15,0.7918,0.8062
within,features,all,7,17,0.7903,0.8056
within,features,all,7,19,0.7868,0.8005
within,features,pca,7,1,0.7637,0.7800
within,features,pca,7,3,0.7533,0.7698
within,features,pca,7,5,0.7536,0.7700
within,features,pca,7,7,0.7549,0.7702
within,features,pca,7,9,0.7457,0.7618
within,features,pca,7,11,0.7382,0.7545
within,features,pca,7,13,0.7342,0.7495
within,features,pca,7,15,0.7398,0.7533
within,features,pca,7,17,0.7395,0.7529
within,features,pca,7,19,0.7345,0.7493
within,features,relieff,7,1,0.7287,0.7444
within,features,relieff,7,3,0.7167,0.7295
within,features,relieff,7,5,0.7117,0.7249
within,features,relieff,7,7,0.7070,0.7193
within,features,relieff,7,9,0.7065,0.7195
within,features,relieff,7,11,0.7104,0.7227
within,features,relieff,7,13,0.7064,0.7182
within,features,relieff,7,15,0.7005,0.7129
within,features,relieff,7,17,0.6994,0.7125
within,features,relieff,7,19,0.6966,0.7096
within,features,all,8,1,0.8110,0.8298
within,features,all,8,3,0.8046,0.8233
within,features,all,8,5,0.8000,0.8173
within,features,all,8,7,0.7934,0.8104
within,features,all,8,9,0.7889,0.8067
within,features,all,8,11,0.7812,0.7995
within,features,all,8,13,0.7804,0.7980
within,features,all,8,15,0.7802,0.7993
within,features,all,8,17,0.7773,0.7971
within,features,all,8,19,0.7778,0.7969
within,features,pca,8,1,0.7601,0.7787
within,features,pca,8,3,0.7495,0.7676
within,features,pca,8,5,0.7434,0.7620
within,features,pca,8,7,0.7418,0.7595
within,features,pca,8,9,0.7408,0.7565
within,features,pca,8,11,0.7396,0.7553
within,features,pca,8,13,0.7305,0.7455
within,features,pca,8,15,0.7277,0.7440
within,features,pca,8,17,0.7261,0.7411
within,features,pca,8,19,0.7186,0.7347
within,features,relieff,8,1,0.7311,0.7444
within,features,relieff,8,3,0.7197,0.7324
within,features,relieff,8,5,0.7111,0.7247
within,features,relieff,8,7,0.7080,0.7196
within,features,relieff,8,9,0.7018,0.7118
within,features,relieff,8,11,0.7041,0.7144
within,features,relieff,8,13,0.6990,0.7096
within,features,relieff,8,15,0.6942,0.7047
within,features,relieff,8,17,0.6952,0.7055
within,features,relieff,8,19,0.6970,0.7073
within,features,all,9,1,0.8055,0.8245
within,features,all,9,3,0.8008,0.8175
within,features,all,9,5,0.7967,0.8158
within,features,all,9,7,0.7879,0.8078
within,features,all,9,9,0.7873,0.8056
within,features,all,9,11,0.7871,0.8058
within,features,all,9,13,0.7837,0.8040
within,features,all,9,15,0.7844,0.8036
within,features,all,9,17,0.7837,0.8029
within,features,all,9,19,0.7814,0.8016
within,features,pca,9,1,0.7526,0.7715
within,features,pca,9,3,0.7399,0.7595
within,features,pca,9,5,0.7363,0.7545
within,features,pca,9,7,0.7311,0.7478
within,features,pca,9,9,0.7326,0.7493
within,features,pca,9,11,0.7328,0.7485
within,features,pca,9,13,0.7282,0.7453
within,features,pca,9,15,0.7294,0.7471
within,features,pca,9,17,0.7208,0.7385
within,features,pca,9,19,0.7209,0.7378
within,features,relieff,9,1,0.7358,0.7500
within,features,relieff,9,3,0.7354,0.7471
within,features,relieff,9,5,0.7300,0.7385
within,features,relieff,9,7,0.7239,0.7325
within,features,relieff,9,9,0.7223,0.7296
within,features,relieff,9,11,0.7188,0.7273
within,features,relieff,9,13,0.7135,0.7231
within,features,relieff,9,15,0.7136,0.7233
within,features,relieff,9,17,0.7119,0.7222
within,features,relieff,9,19,0.7074,0.7162
within,features,all,10,1,0.8029,0.8220
within,features,all,10,3,0.7985,0.8160
within,features,all,10,5,0.7950,0.8118
within,features,all,10,7,0.7946,0.8105
within,features,all,10,9,0.7910,0.8082
within,features,all,10,11,0.7892,0.8073
within,features,all,10,13,0.7876,0.8051
within,features,all,10,15,0.7844,0.8013
within,features,all,10,17,0.7818,0.7993
within,features,all,10,19,0.7785,0.7956
within,features,pca,10,1,0.7591,0.7780
within,features,pca,10,3,0.7461,0.7644
within,features,pca,10,5,0.7389,0.7567
within,features,pca,10,7,0.7301,0.7482
within,features,pca,10,9,0.7269,0.7435
within,features,pca,10,11,0.7242,0.7409
within,features,pca,10,13,0.7151,0.7320
within,features,pca,10,15,0.7203,0.7382
within,features,pca,10,17,0.7126,0.7305
within,features,pca,10,19,0.7133,0.7304
within,features,relieff,10,1,0.7361,0.7551
within,features,relieff,10,3,0.7257,0.7400
within,features,relieff,10,5,0.7242,0.7387
within,features,relieff,10,7,0.7258,0.7378
within,features,relieff,10,9,0.7287,0.7402
within,features,relieff,10,11,0.7272,0.7382
within,features,relieff,10,13,0.7239,0.7364
within,features,relieff,10,15,0.7226,0.7349
within,features,relieff,10,17,0.7166,0.7311
within,features,relieff,10,19,0.7155,0.7295
within,features,all,1,1,0.8001,0.8191
within,features,all,1,3,0.7902,0.8062
within,features,all,1,5,0.7900,0.8056
within,features,all,1,7,0.7932,0.8091
within,features,all,1,9,0.7876,0.8047
within,features,all,1,11,0.7826,0.7993
within,features,all,1,13,0.7771,0.7969
within,features,all,1,15,0.7770,0.7956
within,features,all,1,17,0.7765,0.7940
within,features,all,1,19,0.7726,0.7898
within,features,pca,1,1,0.7456,0.7649
within,features,pca,1,3,0.7311,0.7509
within,features,pca,1,5,0.7304,0.7500
within,features,pca,1,7,0.7292,0.7471
within,features,pca,1,9,0.7238,0.7422
within,features,pca,1,11,0.7189,0.7387
within,features,pca,1,13,0.7153,0.7351
within,features,pca,1,15,0.7133,0.7331
within,features,pca,1,17,0.7142,0.7342
within,features,pca,1,19,0.7104,0.7304
within,features,relieff,1,1,0.7437,0.7627
within,features,relieff,1,3,0.7362,0.7538
within,features,relieff,1,5,0.7284,0.7438
within,features,relieff,1,7,0.7289,0.7436
within,features,relieff,1,9,0.7270,0.7411
within,features,relieff,1,11,0.7267,0.7415
within,features,relieff,1,13,0.7249,0.7384
within,features,relieff,1,15,0.7217,0.7353
within,features,relieff,1,17,0.7201,0.7327
within,features,relieff,1,19,0.7167,0.7282
within,features,all,2,1,0.8086,0.8284
within,features,all,2,3,0.8007,0.8200
within,features,all,2,5,0.7911,0.8105
within,features,all,2,7,0.7892,0.8102
within,features,all,2,9,0.7894,0.8102
within,features,all,2,11,0.7848,0.8053
within,features,all,2,13,0.7833,0.8042
within,features,all,2,15,0.7826,0.8040
within,features,all,2,17,0.7835,0.8049
within,features,all,2,19,0.7766,0.7975
within,features,pca,2,1,0.7567,0.7764
within,features,pca,2,3,0.7458,0.7671
within,features,pca,2,5,0.7399,0.7602
within,features,pca,2,7,0.7418,0.7615
within,features,pca,2,9,0.7418,0.7596
within,features,pca,2,11,0.7312,0.7502
within,features,pca,2,13,0.7281,0.7471
within,features,pca,2,15,0.7253,0.7436
within,features,pca,2,17,0.7191,0.7369
within,features,pca,2,19,0.7118,0.7305
within,features,relieff,2,1,0.7078,0.7262
within,features,relieff,2,3,0.6965,0.7129
within,features,relieff,2,5,0.6870,0.7042
within,features,relieff,2,7,0.6837,0.7000
within,features,relieff,2,9,0.6824,0.6993
within,features,relieff,2,11,0.6816,0.6982
within,features,relieff,2,13,0.6756,0.6911
within,features,relieff,2,15,0.6707,0.6856
within,features,relieff,2,17,0.6648,0.6791
within,features,relieff,2,19,0.6621,0.6771
within,features,all,3,1,0.8078,0.8251
within,features,all,3,3,0.7967,0.8142
within,features,all,3,5,0.7940,0.8107
within,features,all,3,7,0.8011,0.8167
within,features,all,3,9,0.8022,0.8173
within,features,all,3,11,0.7988,0.8138
within,features,all,3,13,0.7938,0.8102
within,features,all,3,15,0.7956,0.8113
within,features,all,3,17,0.7912,0.8075
within,features,all,3,19,0.7841,0.7995
within,features,pca,3,1,0.7597,0.7785
within,features,pca,3,3,0.7528,0.7696
within,features,pca,3,5,0.7440,0.7595
within,features,pca,3,7,0.7430,0.7582
within,features,pca,3,9,0.7434,0.7575
within,features,pca,3,11,0.7390,0.7547
within,features,pca,3,13,0.7368,0.7520
within,features,pca,3,15,0.7331,0.7475
within,features,pca,3,17,0.7281,0.7433
within,features,pca,3,19,0.7240,0.7396
within,features,relieff,3,1,0.7054,0.7216
within,features,relieff,3,3,0.7027,0.7200
within,features,relieff,3,5,0.6909,0.7064
within,features,relieff,3,7,0.6891,0.7018
within,features,relieff,3,9,0.6830,0.6980
within,features,relieff,3,11,0.6842,0.6985
within,features,relieff,3,13,0.6767,0.6916
within,features,relieff,3,15,0.6751,0.6885
within,features,relieff,3,17,0.6746,0.6869
within,features,relieff,3,19,0.6762,0.6896
within,features,all,4,1,0.8077,0.8256
within,features,all,4,3,0.8001,0.8173
within,features,all,4,5,0.8057,0.8218
within,features,all,4,7,0.7971,0.8140
within,features,all,4,9,0.7911,0.8091
within,features,all,4,11,0.7930,0.8091
within,features,all,4,13,0.7936,0.8089
within,features,all,4,15,0.7913,0.8067
within,features,all,4,17,0.7879,0.8036
within,features,all,4,19,0.7871,0.8031
within,features,pca,4,1,0.7573,0.7771
within,features,pca,4,3,0.7551,0.7727
within,features,pca,4,5,0.7480,0.7644
within,features,pca,4,7,0.7480,0.7625
within,features,pca,4,9,0.7441,0.7564
within,features,pca,4,11,0.7428,0.7549
within,features,pca,4,13,0.7454,0.7573
within,features,pca,4,15,0.7445,0.7562
within,features,pca,4,17,0.7386,0.7516
within,features,pca,4,19,0.7336,0.7467
within,features,relieff,4,1,0.7518,0.7711
within,features,relieff,4,3,0.7556,0.7729
within,features,relieff,4,5,0.7502,0.7667
within,features,relieff,4,7,0.7495,0.7649
within,features,relieff,4,9,0.7528,0.7685
within,features,relieff,4,11,0.7530,0.7684
within,features,relieff,4,13,0.7537,0.7673
within,features,relieff,4,15,0.7476,0.7622
within,features,relieff,4,17,0.7460,0.7605
within,features,relieff,4,19,0.7422,0.7558
within,features,all,5,1,0.8136,0.8320
within,features,all,5,3,0.8128,0.8316
within,features,all,5,5,0.8054,0.8225
within,features,all,5,7,0.7968,0.8131
within,features,all,5,9,0.7941,0.8100
within,features,all,5,11,0.7982,0.8140
within,features,all,5,13,0.7945,0.8122
within,features,all,5,15,0.7917,0.8096
within,features,all,5,17,0.7900,0.8071
within,features,all,5,19,0.7886,0.8049
within,features,pca,5,1,0.7594,0.7778
within,features,pca,5,3,0.7494,0.7696
within,features,pca,5,5,0.7385,0.7587
within,features,pca,5,7,0.7319,0.7513
within,features,pca,5,9,0.7263,0.7449
within,features,pca,5,11,0.7221,0.7422
within,features,pca,5,13,0.7209,0.7409
within,features,pca,5,15,0.7182,0.7373
within,features,pca,5,17,0.7168,0.7356
within,features,pca,5,19,0.7147,0.7325
within,features,relieff,5,1,0.6947,0.7131
within,features,relieff,5,3,0.6847,0.7020
within,features,relieff,5,5,0.6819,0.6958
within,features,relieff,5,7,0.6741,0.6895
within,features,relieff,5,9,0.6728,0.6869
within,features,relieff,5,11,0.6619,0.6775
within,features,relieff,5,13,0.6571,0.6722
within,features,relieff,5,15,0.6585,0.6736
within,features,relieff,5,17,0.6546,0.6696
within,features,relieff,5,19,0.6587,0.6733
within,features,all,6,1,0.8035,0.8213
within,features,all,6,3,0.8021,0.8218
within,features,all,6,5,0.7964,0.8144
within,features,all,6,7,0.7946,0.8138
within,features,all,6,9,0.7862,0.8065
within,features,all,6,11,0.7864,0.8069
within,features,all,6,13,0.7842,0.8031
within,features,all,6,15,0.7859,0.8042
within,features,all,6,17,0.7851,0.8038
within,features,all,6,19,0.7836,0.8020
within,features,pca,6,1,0.7583,0.7753
within,features,pca,6,3,0.7457,0.7647
within,features,pca,6,5,0.7376,0.7562
within,features,pca,6,7,0.7330,0.7500
within,features,pca,6,9,0.7293,0.7462
within,features,pca,6,11,0.7255,0.7420
within,features,pca,6,13,0.7250,0.7407
within,features,pca,6,15,0.7295,0.7438
within,features,pca,6,17,0.7236,0.7380
within,features,pca,6,19,0.7239,0.7375
within,features,relieff,6,1,0.7055,0.7245
within,features,relieff,6,3,0.7061,0.7225
within,features,relieff,6,5,0.7027,0.7169
within,features,relieff,6,7,0.6933,0.7082
within,features,relieff,6,9,0.6918,0.7067
within,features,relieff,6,11,0.6895,0.7045
within,features,relieff,6,13,0.6880,0.7022
within,features,relieff,6,15,0.6826,0.6975
within,features,relieff,6,17,0.6804,0.6936
within,features,relieff,6,19,0.6795,0.6931
within,features,all,7,1,0.8051,0.8225
within,features,all,7,3,0.8053,0.8191
within,features,all,7,5,0.8014,0.8156
within,features,all,7,7,0.7951,0.8113
within,features,all,7,9,0.7942,0.8111
within,features,all,7,11,0.7974,0.8118
within,features,all,7,13,0.7973,0.8118
within,features,all,7,15,0.7918,0.8062
within,features,all,7,17,0.7903,0.8056
within,features,all,7,19,0.7868,0.8005
within,features,pca,7,1,0.7637,0.7800
within,features,pca,7,3,0.7533,0.7698
within,features,pca,7,5,0.7536,0.7700
within,features,pca,7,7,0.7549,0.7702
within,features,pca,7,9,0.7457,0.7618
within,features,pca,7,11,0.7382,0.7545
within,features,pca,7,13,0.7342,0.7495
within,features,pca,7,15,0.7398,0.7533
within,features,pca,7,17,0.7395,0.7529
within,features,pca,7,19,0.7345,0.7493
within,features,relieff,7,1,0.7287,0.7444
within,features,relieff,7,3,0.7167,0.7295
within,features,relieff,7,5,0.7117,0.7249
within,features,relieff,7,7,0.7070,0.7193
within,features,relieff,7,9,0.7065,0.7195
within,features,relieff,7,11,0.7104,0.7227
within,features,relieff,7,13,0.7064,0.7182
within,features,relieff,7,15,0.7005,0.7129
within,features,relieff,7,17,0.6994,0.7125
within,features,relieff,7,19,0.6966,0.7096
within,features,all,8,1,0.8110,0.8298
within,features,all,8,3,0.8046,0.8233
within,features,all,8,5,0.8000,0.8173
within,features,all,8,7,0.7934,0.8104
within,features,all,8,9,0.7889,0.8067
within,features,all,8,11,0.7812,0.7995
within,features,all,8,13,0.7804,0.7980
within,features,all,8,15,0.7802,0.7993
within,features,all,8,17,0.7773,0.7971
within,features,all,8,19,0.7778,0.7969
within,features,pca,8,1,0.7601,0.7787
within,features,pca,8,3,0.7495,0.7676
within,features,pca,8,5,0.7434,0.7620
within,features,pca,8,7,0.7418,0.7595
within,features,pca,8,9,0.7408,0.7565
within,features,pca,8,11,0.7396,0.7553
within,features,pca,8,13,0.7305,0.7455
within,features,pca,8,15,0.7277,0.7440
within,features,pca,8,17,0.7261,0.7411
within,features,pca,8,19,0.7186,0.7347
within,features,relieff,8,1,0.7311,0.7444
within,features,relieff,8,3,0.7197,0.7324
within,features,relieff,8,5,0.7111,0.7247
within,features,relieff,8,7,0.7080,0.7196
within,features,relieff,8,9,0.7018,0.7118
within,features,relieff,8,11,0.7041,0.7144
within,features,relieff,8,13,0.6990,0.7096
within,features,relieff,8,15,0.6942,0.7047
within,features,relieff,8,17,0.6952,0.7055
within,features,relieff,8,19,0.6970,0.7073
within,features,all,9,1,0.8055,0.8245
within,features,all,9,3,0.8008,0.8175
within,features,all,9,5,0.7967,0.8158
within,features,all,9,7,0.7879,0.8078
within,features,all,9,9,0.7873,0.8056
within,features,all,9,11,0.7871,0.8058
within,features,all,9,13,0.7837,0.8040
within,features,all,9,15,0.7844,0.8036
within,features,all,9,17,0.7837,0.8029
within,features,all,9,19,0.7814,0.8016
within,features,pca,9,1,0.7526,0.7715
within,features,pca,9,3,0.7399,0.7595
within,features,pca,9,5,0.7363,0.7545
within,features,pca,9,7,0.7311,0.7478
within,features,pca,9,9,0.7326,0.7493
within,features,pca,9,11,0.7328,0.7485
within,features,pca,9,13,0.7282,0.7453
within,features,pca,9,15,0.7294,0.7471
within,features,pca,9,17,0.7208,0.7385
within,features,pca,9,19,0.7209,0.7378
within,features,relieff,9,1,0.7358,0.7500
within,features,relieff,9,3,0.7354,0.7471
within,features,relieff,9,5,0.7300,0.7385
within,features,relieff,9,7,0.7239,0.7325
within,features,relieff,9,9,0.7223,0.7296
within,features,relieff,9,11,0.7188,0.7273
within,features,relieff,9,13,0.7135,0.7231
within,features,relieff,9,15,0.7136,0.7233
within,features,relieff,9,17,0.7119,0.7222
within,features,relieff,9,19,0.7074,0.7162
within,features,all,10,1,0.8029,0.8220
within,features,all,10,3,0.7985,0.8160
within,features,all,10,5,0.7950,0.8118
within,features,all,10,7,0.7946,0.8105
within,features,all,10,9,0.7910,0.8082
within,features,all,10,11,0.7892,0.8073
within,features,all,10,13,0.7876,0.8051
within,features,all,10,15,0.7844,0.8013
within,features,all,10,17,0.7818,0.7993
within,features,all,10,19,0.7785,0.7956
within,features,pca,10,1,0.7591,0.7780
within,features,pca,10,3,0.7461,0.7644
within,features,pca,10,5,0.7389,0.7567
within,features,pca,10,7,0.7301,0.7482
within,features,pca,10,9,0.7269,0.7435
within,features,pca,10,11,0.7242,0.7409
within,features,pca,10,13,0.7151,0.7320
within,features,pca,10,15,0.7203,0.7382
within,features,pca,10,17,0.7126,0.7305
within,features,pca,10,19,0.7133,0.7304
within,features,relieff,10,1,0.7361,0.7551
within,features,relieff,10,3,0.7257,0.7400
within,features,relieff,10,5,0.7242,0.7387
within,features,relieff,10,7,0.7258,0.7378
within,features,relieff,10,9,0.7287,0.7402
within,features,relieff,10,11,0.7272,0.7382
within,features,relieff,10,13,0.7239,0.7364
within,features,relieff,10,15,0.7226,0.7349
within,features,relieff,10,17,0.7166,0.7311
within,features,relieff,10,19,0.7155,0.7295
within,features,all,1,1,0.8001,0.8191
within,features,all,1,3,0.7902,0.8062
within,features,all,1,5,0.7900,0.8056
within,features,all,1,7,0.7932,0.8091
within,features,all,1,9,0.7876,0.8047
within,features,all,1,11,0.7826,0.7993
within,features,all,1,13,0.7771,0.7969
within,features,all,1,15,0.7770,0.7956
within,features,all,1,17,0.7765,0.7940
within,features,all,1,19,0.7726,0.7898
within,features,pca,1,1,0.7456,0.7649
within,features,pca,1,3,0.7311,0.7509
within,features,pca,1,5,0.7304,0.7500
within,features,pca,1,7,0.7292,0.7471
within,features,pca,1,9,0.7238,0.7422
within,features,pca,1,11,0.7189,0.7387
within,features,pca,1,13,0.7153,0.7351
within,features,pca,1,15,0.7133,0.7331
within,features,pca,1,17,0.7142,0.7342
within,features,pca,1,19,0.7104,0.7304
within,features,relieff,1,1,0.7437,0.7627
within,features,relieff,1,3,0.7362,0.7538
within,features,relieff,1,5,0.7284,0.7438
within,features,relieff,1,7,0.7289,0.7436
within,features,relieff,1,9,0.7270,0.7411
within,features,relieff,1,11,0.7267,0.7415
within,features,relieff,1,13,0.7249,0.7384
within,features,relieff,1,15,0.7217,0.7353
within,features,relieff,1,17,0.7201,0.7327
within,features,relieff,1,19,0.7167,0.7282
within,features,all,2,1,0.8086,0.8284
within,features,all,2,3,0.8007,0.8200
within,features,all,2,5,0.7911,0.8105
within,features,all,2,7,0.7892,0.8102
within,features,all,2,9,0.7894,0.8102
within,features,all,2,11,0.7848,0.8053
within,features,all,2,13,0.7833,0.8042
within,features,all,2,15,0.7826,0.8040
within,features,all,2,17,0.7835,0.8049
within,features,all,2,19,0.7766,0.7975
within,features,pca,2,1,0.7567,0.7764
within,features,pca,2,3,0.7458,0.7671
within,features,pca,2,5,0.7399,0.7602
within,features,pca,2,7,0.7418,0.7615
within,features,pca,2,9,0.7418,0.7596
within,features,pca,2,11,0.7312,0.7502
within,features,pca,2,13,0.7281,0.7471
within,features,pca,2,15,0.7253,0.7436
within,features,pca,2,17,0.7191,0.7369
within,features,pca,2,19,0.7118,0.7305
within,features,relieff,2,1,0.7078,0.7262
within,features,relieff,2,3,0.6965,0.7129
within,features,relieff,2,5,0.6870,0.7042
within,features,relieff,2,7,0.6837,0.7000
within,features,relieff,2,9,0.6824,0.6993
within,features,relieff,2,11,0.6816,0.6982
within,features,relieff,2,13,0.6756,0.6911
within,features,relieff,2,15,0.6707,0.6856
within,features,relieff,2,17,0.6648,0.6791
within,features,relieff,2,19,0.6621,0.6771
within,features,all,3,1,0.8078,0.8251
within,features,all,3,3,0.7967,0.8142
within,features,all,3,5,0.7940,0.8107
within,features,all,3,7,0.8011,0.8167
within,features,all,3,9,0.8022,0.8173
within,features,all,3,11,0.7988,0.8138
within,features,all,3,13,0.7938,0.8102
within,features,all,3,15,0.7956,0.8113
within,features,all,3,17,0.7912,0.8075
within,features,all,3,19,0.7841,0.7995
within,features,pca,3,1,0.7597,0.7785
within,features,pca,3,3,0.7528,0.7696
within,features,pca,3,5,0.7440,0.7595
within,features,pca,3,7,0.7430,0.7582
within,features,pca,3,9,0.7434,0.7575
within,features,pca,3,11,0.7390,0.7547
within,features,pca,3,13,0.7368,0.7520
within,features,pca,3,15,0.7331,0.7475
within,features,pca,3,17,0.7281,0.7433
within,features,pca,3,19,0.7240,0.7396
within,features,relieff,3,1,0.7054,0.7216
within,features,relieff,3,3,0.7027,0.7200
within,features,relieff,3,5,0.6909,0.7064
within,features,relieff,3,7,0.6891,0.7018
within,features,relieff,3,9,0.6830,0.6980
within,features,relieff,3,11,0.6842,0.6985
within,features,relieff,3,13,0.6767,0.6916
within,features,relieff,3,15,0.6751,0.6885
within,features,relieff,3,17,0.6746,0.6869
within,features,relieff,3,19,0.6762,0.6896
within,features,all,4,1,0.8077,0.8256
within,features,all,4,3,0.8001,0.8173
within,features,all,4,5,0.8057,0.8218
within,features,all,4,7,0.7971,0.8140
within,features,all,4,9,0.7911,0.8091
within,features,all,4,11,0.7930,0.8091
within,features,all,4,13,0.7936,0.8089
within,features,all,4,15,0.7913,0.8067
within,features,all,4,17,0.7879,0.8036
within,features,all,4,19,0.7871,0.8031
within,features,pca,4,1,0.7573,0.7771
within,features,pca,4,3,0.7551,0.7727
within,features,pca,4,5,0.7480,0.7644
within,features,pca,4,7,0.7480,0.7625
within,features,pca,4,9,0.7441,0.7564
within,features,pca,4,11,0.7428,0.7549
within,features,pca,4,13,0.7454,0.7573
within,features,pca,4,15,0.7445,0.7562
within,features,pca,4,17,0.7386,0.7516
within,features,pca,4,19,0.7336,0.7467
within,features,relieff,4,1,0.7518,0.7711
within,features,relieff,4,3,0.7556,0.7729
within,features,relieff,4,5,0.7502,0.7667
within,features,relieff,4,7,0.7495,0.7649
within,features,relieff,4,9,0.7528,0.7685
within,features,relieff,4,11,0.7530,0.7684
within,features,relieff,4,13,0.7537,0.7673
within,features,relieff,4,15,0.7476,0.7622
within,features,relieff,4,17,0.7460,0.7605
within,features,relieff,4,19,0.7422,0.7558
within,features,all,5,1,0.8136,0.8320
within,features,all,5,3,0.8128,0.8316
within,features,all,5,5,0.8054,0.8225
within,features,all,5,7,0.7968,0.8131
within,features,all,5,9,0.7941,0.8100
within,features,all,5,11,0.7982,0.8140
within,features,all,5,13,0.7945,0.8122
within,features,all,5,15,0.7917,0.8096
within,features,all,5,17,0.7900,0.8071
within,features,all,5,19,0.7886,0.8049
within,features,pca,5,1,0.7594,0.7778
within,features,pca,5,3,0.7494,0.7696
within,features,pca,5,5,0.7385,0.7587
within,features,pca,5,7,0.7319,0.7513
within,features,pca,5,9,0.7263,0.7449
within,features,pca,5,11,0.7221,0.7422
within,features,pca,5,13,0.7209,0.7409
within,features,pca,5,15,0.7182,0.7373
within,features,pca,5,17,0.7168,0.7356
within,features,pca,5,19,0.7147,0.7325
within,features,relieff,5,1,0.6947,0.7131
within,features,relieff,5,3,0.6847,0.7020
within,features,relieff,5,5,0.6819,0.6958
within,features,relieff,5,7,0.6741,0.6895
within,features,relieff,5,9,0.6728,0.6869
within,features,relieff,5,11,0.6619,0.6775
within,features,relieff,5,13,0.6571,0.6722
within,features,relieff,5,15,0.6585,0.6736
within,features,relieff,5,17,0.6546,0.6696
within,features,relieff,5,19,0.6587,0.6733
within,features,all,6,1,0.8035,0.8213
within,features,all,6,3,0.8021,0.8218
within,features,all,6,5,0.7964,0.8144
within,features,all,6,7,0.7946,0.8138
within,features,all,6,9,0.7862,0.8065
within,features,all,6,11,0.7864,0.8069
within,features,all,6,13,0.7842,0.8031
within,features,all,6,15,0.7859,0.8042
within,features,all,6,17,0.7851,0.8038
within,features,all,6,19,0.7836,0.8020
within,features,pca,6,1,0.7583,0.7753
within,features,pca,6,3,0.7457,0.7647
within,features,pca,6,5,0.7376,0.7562
within,features,pca,6,7,0.7330,0.7500
within,features,pca,6,9,0.7293,0.7462
within,features,pca,6,11,0.7255,0.7420
within,features,pca,6,13,0.7250,0.7407
within,features,pca,6,15,0.7295,0.7438
within,features,pca,6,17,0.7236,0.7380
within,features,pca,6,19,0.7239,0.7375
within,features,relieff,6,1,0.7055,0.7245
within,features,relieff,6,3,0.7061,0.7225
within,features,relieff,6,5,0.7027,0.7169
within,features,relieff,6,7,0.6933,0.7082
within,features,relieff,6,9,0.6918,0.7067
within,features,relieff,6,11,0.6895,0.7045
within,features,relieff,6,13,0.6880,0.7022
within,features,relieff,6,15,0.6826,0.6975
within,features,relieff,6,17,0.6804,0.6936
within,features,relieff,6,19,0.6795,0.6931
within,features,all,7,1,0.8051,0.8225
within,features,all,7,3,0.8053,0.8191
within,features,all,7,5,0.8014,0.8156
within,features,all,7,7,0.7951,0.8113
within,features,all,7,9,0.7942,0.8111
within,features,all,7,11,0.7974,0.8118
within,features,all,7,13,0.7973,0.8118
within,features,all,7,15,0.7918,0.8062
within,features,all,7,17,0.7903,0.8056
within,features,all,7,19,0.7868,0.8005
within,features,pca,7,1,0.7637,0.7800
within,features,pca,7,3,0.7533,0.7698
within,features,pca,7,5,0.7536,0.7700
within,features,pca,7,7,0.7549,0.7702
within,features,pca,7,9,0.7457,0.7618
within,features,pca,7,11,0.7382,0.7545
within,features,pca,7,13,0.7342,0.7495
within,features,pca,7,15,0.7398,0.7533
within,features,pca,7,17,0.7395,0.7529
within,features,pca,7,19,0.7345,0.7493
within,features,relieff,7,1,0.7287,0.7444
within,features,relieff,7,3,0.7167,0.7295
within,features,relieff,7,5,0.7117,0.7249
within,features,relieff,7,7,0.7070,0.7193
within,features,relieff,7,9,0.7065,0.7195
within,features,relieff,7,11,0.7104,0.7227
within,features,relieff,7,13,0.7064,0.7182
within,features,relieff,7,15,0.7005,0.7129
within,features,relieff,7,17,0.6994,0.7125
within,features,relieff,7,19,0.6966,0.7096
within,features,all,8,1,0.8110,0.8298
within,features,all,8,3,0.8046,0.8233
within,features,all,8,5,0.8000,0.8173
within,features,all,8,7,0.7934,0.8104
within,features,all,8,9,0.7889,0.8067
within,features,all,8,11,0.7812,0.7995
within,features,all,8,13,0.7804,0.7980
within,features,all,8,15,0.7802,0.7993
within,features,all,8,17,0.7773,0.7971
within,features,all,8,19,0.7778,0.7969
within,features,pca,8,1,0.7601,0.7787
within,features,pca,8,3,0.7495,0.7676
within,features,pca,8,5,0.7434,0.7620
within,features,pca,8,7,0.7418,0.7595
within,features,pca,8,9,0.7408,0.7565
within,features,pca,8,11,0.7396,0.7553
within,features,pca,8,13,0.7305,0.7455
within,features,pca,8,15,0.7277,0.7440
within,features,pca,8,17,0.7261,0.7411
within,features,pca,8,19,0.7186,0.7347
within,features,relieff,8,1,0.7311,0.7444
within,features,relieff,8,3,0.7197,0.7324
within,features,relieff,8,5,0.7111,0.7247
within,features,relieff,8,7,0.7080,0.7196
within,features,relieff,8,9,0.7018,0.7118
within,features,relieff,8,11,0.7041,0.7144
within,features,relieff,8,13,0.6990,0.7096
within,features,relieff,8,15,0.6942,0.7047
within,features,relieff,8,17,0.6952,0.7055
within,features,relieff,8,19,0.6970,0.7073
within,features,all,9,1,0.8055,0.8245
within,features,all,9,3,0.8008,0.8175
within,features,all,9,5,0.7967,0.8158
within,features,all,9,7,0.7879,0.8078
within,features,all,9,9,0.7873,0.8056
within,features,all,9,11,0.7871,0.8058
within,features,all,9,13,0.7837,0.8040
within,features,all,9,15,0.7844,0.8036
within,features,all,9,17,0.7837,0.8029
within,features,all,9,19,0.7814,0.8016
within,features,pca,9,1,0.7526,0.7715
within,features,pca,9,3,0.7399,0.7595
within,features,pca,9,5,0.7363,0.7545
within,features,pca,9,7,0.7311,0.7478
within,features,pca,9,9,0.7326,0.7493
within,features,pca,9,11,0.7328,0.7485
within,features,pca,9,13,0.7282,0.7453
within,features,pca,9,15,0.7294,0.7471
within,features,pca,9,17,0.7208,0.7385
within,features,pca,9,19,0.7209,0.7378
within,features,relieff,9,1,0.7358,0.7500
within,features,relieff,9,3,0.7354,0.7471
within,features,relieff,9,5,0.7300,0.7385
within,features,relieff,9,7,0.7239,0.7325
within,features,relieff,9,9,0.7223,0.7296
within,features,relieff,9,11,0.7188,0.7273
within,features,relieff,9,13,0.7135,0.7231
within,features,relieff,9,15,0.7136,0.7233
within,features,relieff,9,17,0.7119,0.7222
within,features,relieff,9,19,0.7074,0.7162
within,features,all,10,1,0.8029,0.8220
within,features,all,10,3,0.7985,0.8160
within,features,all,10,5,0.7950,0.8118
within,features,all,10,7,0.7946,0.8105
within,features,all,10,9,0.7910,0.8082
within,features,all,10,11,0.7892,0.8073
within,features,all,10,13,0.7876,0.8051
within,features,all,10,15,0.7844,0.8013
within,features,all,10,17,0.7818,0.7993
within,features,all,10,19,0.7785,0.7956
within,features,pca,10,1,0.7591,0.7780
within,features,pca,10,3,0.7461,0.7644
within,features,pca,10,5,0.7389,0.7567
within,features,pca,10,7,0.7301,0.7482
within,features,pca,10,9,0.7269,0.7435
within,features,pca,10,11,0.7242,0.7409
within,features,pca,10,13,0.7151,0.7320
within,features,pca,10,15,0.7203,0.7382
within,features,pca,10,17,0.7126,0.7305
within,features,pca,10,19,0.7133,0.7304
within,features,relieff,10,1,0.7361,0.7551
within,features,relieff,10,3,0.7257,0.7400
within,features,relieff,10,5,0.7242,0.7387
within,features,relieff,10,7,0.7258,0.7378
within,features,relieff,10,9,0.7287,0.7402
within,features,relieff,10,11,0.7272,0.7382
within,features,relieff,10,13,0.7239,0.7364
within,features,relieff,10,15,0.7226,0.7349
within,features,relieff,10,17,0.7166,0.7311
within,features,relieff,10,19,0.7155,0.7295
within,embeddings,all,1,1,0.6698,0.6984
within,embeddings,all,1,3,0.6634,0.6904
within,embeddings,all,1,5,0.6576,0.6853
within,embeddings,all,1,7,0.6515,0.6780
within,embeddings,all,1,9,0.6503,0.6782
within,embeddings,all,1,11,0.6448,0.6709
within,embeddings,all,1,13,0.6405,0.6669
within,embeddings,all,1,15,0.6373,0.6647
within,embeddings,all,1,17,0.6345,0.6622
within,embeddings,all,1,19,0.6340,0.6611
within,embeddings,pca,1,1,0.5684,0.6020
within,embeddings,pca,1,3,0.5774,0.6087
within,embeddings,pca,1,5,0.5792,0.6082
within,embeddings,pca,1,7,0.5797,0.6080
within,embeddings,pca,1,9,0.5783,0.6071
within,embeddings,pca,1,11,0.5761,0.6042
within,embeddings,pca,1,13,0.5802,0.6085
within,embeddings,pca,1,15,0.5764,0.6047
within,embeddings,pca,1,17,0.5785,0.6067
within,embeddings,pca,1,19,0.5771,0.6053
within,embeddings,relieff,1,1,0.5439,0.5880
within,embeddings,relieff,1,3,0.5481,0.5929
within,embeddings,relieff,1,5,0.5377,0.5851
within,embeddings,relieff,1,7,0.5503,0.5947
within,embeddings,relieff,1,9,0.5540,0.5978
within,embeddings,relieff,1,11,0.5573,0.5998
within,embeddings,relieff,1,13,0.5529,0.5945
within,embeddings,relieff,1,15,0.5451,0.5915
within,embeddings,relieff,1,17,0.5441,0.5893
within,embeddings,relieff,1,19,0.5509,0.5933
within,embeddings,all,2,1,0.6605,0.6927
within,embeddings,all,2,3,0.6640,0.6935
within,embeddings,all,2,5,0.6628,0.6915
within,embeddings,all,2,7,0.6556,0.6847
within,embeddings,all,2,9,0.6527,0.6802
within,embeddings,all,2,11,0.6486,0.6771
within,embeddings,all,2,13,0.6414,0.6696
within,embeddings,all,2,15,0.6399,0.6678
within,embeddings,all,2,17,0.6370,0.6633
within,embeddings,all,2,19,0.6340,0.6605
within,embeddings,pca,2,1,0.5579,0.5916
within,embeddings,pca,2,3,0.5668,0.5987
within,embeddings,pca,2,5,0.5719,0.6027
within,embeddings,pca,2,7,0.5757,0.6055
within,embeddings,pca,2,9,0.5759,0.6058
within,embeddings,pca,2,11,0.5772,0.6065
within,embeddings,pca,2,13,0.5751,0.6035
within,embeddings,pca,2,15,0.5750,0.6025
within,embeddings,pca,2,17,0.5735,0.6018
within,embeddings,pca,2,19,0.5765,0.6056
within,embeddings,relieff,2,1,0.5202,0.5713
within,embeddings,relieff,2,3,0.5164,0.5658
within,embeddings,relieff,2,5,0.5195,0.5680
within,embeddings,relieff,2,7,0.5167,0.5620
within,embeddings,relieff,2,9,0.5207,0.5647
within,embeddings,relieff,2,11,0.5246,0.5675
within,embeddings,relieff,2,13,0.5266,0.5684
within,embeddings,relieff,2,15,0.5259,0.5676
within,embeddings,relieff,2,17,0.5299,0.5718
within,embeddings,relieff,2,19,0.5305,0.5720
within,embeddings,all,3,1,0.6648,0.6964
within,embeddings,all,3,3,0.6627,0.6911
within,embeddings,all,3,5,0.6557,0.6851
within,embeddings,all,3,7,0.6543,0.6829
within,embeddings,all,3,9,0.6504,0.6785
within,embeddings,all,3,11,0.6511,0.6789
within,embeddings,all,3,13,0.6458,0.6736
within,embeddings,all,3,15,0.6445,0.6718
within,embeddings,all,3,17,0.6435,0.6700
within,embeddings,all,3,19,0.6431,0.6689
within,embeddings,pca,3,1,0.5695,0.6042
within,embeddings,pca,3,3,0.5737,0.6067
within,embeddings,pca,3,5,0.5725,0.6047
within,embeddings,pca,3,7,0.5720,0.6022
within,embeddings,pca,3,9,0.5690,0.5996
within,embeddings,pca,3,11,0.5725,0.6025
within,embeddings,pca,3,13,0.5740,0.6036
within,embeddings,pca,3,15,0.5714,0.6007
within,embeddings,pca,3,17,0.5707,0.5987
within,embeddings,pca,3,19,0.5715,0.5995
within,embeddings,relieff,3,1,0.5405,0.5900
within,embeddings,relieff,3,3,0.5493,0.5967
within,embeddings,relieff,3,5,0.5518,0.5962
within,embeddings,relieff,3,7,0.5543,0.5984
within,embeddings,relieff,3,9,0.5550,0.5976
within,embeddings,relieff,3,11,0.5538,0.5982
within,embeddings,relieff,3,13,0.5541,0.5973
within,embeddings,relieff,3,15,0.5573,0.5980
within,embeddings,relieff,3,17,0.5558,0.5989
within,embeddings,relieff,3,19,0.5512,0.5944
within,embeddings,all,4,1,0.6712,0.6996
within,embeddings,all,4,3,0.6666,0.6975
within,embeddings,all,4,5,0.6536,0.6851
within,embeddings,all,4,7,0.6526,0.6809
within,embeddings,all,4,9,0.6518,0.6795
within,embeddings,all,4,11,0.6504,0.6784
within,embeddings,all,4,13,0.6485,0.6760
within,embeddings,all,4,15,0.6435,0.6724
within,embeddings,all,4,17,0.6442,0.6725
within,embeddings,all,4,19,0.6414,0.6696
within,embeddings,pca,4,1,0.5616,0.5942
within,embeddings,pca,4,3,0.5685,0.6004
within,embeddings,pca,4,5,0.5714,0.6033
within,embeddings,pca,4,7,0.5684,0.6004
within,embeddings,pca,4,9,0.5683,0.5996
within,embeddings,pca,4,11,0.5707,0.6011
within,embeddings,pca,4,13,0.5705,0.5998
within,embeddings,pca,4,15,0.5693,0.5987
within,embeddings,pca,4,17,0.5653,0.5945
within,embeddings,pca,4,19,0.5665,0.5958
within,embeddings,relieff,4,1,0.4844,0.5095
within,embeddings,relieff,4,3,0.4870,0.5133
within,embeddings,relieff,4,5,0.5191,0.5671
within,embeddings,relieff,4,7,0.5164,0.5629
within,embeddings,relieff,4,9,0.5166,0.5642
within,embeddings,relieff,4,11,0.5187,0.5656
within,embeddings,relieff,4,13,0.5157,0.5624
within,embeddings,relieff,4,15,0.5171,0.5622
within,embeddings,relieff,4,17,0.5244,0.5698
within,embeddings,relieff,4,19,0.5240,0.5696
within,embeddings,all,5,1,0.6655,0.6947
within,embeddings,all,5,3,0.6678,0.6953
within,embeddings,all,5,5,0.6642,0.6924
within,embeddings,all,5,7,0.6564,0.6836
within,embeddings,all,5,9,0.6541,0.6815
within,embeddings,all,5,11,0.6507,0.6787
within,embeddings,all,5,13,0.6518,0.6782
within,embeddings,all,5,15,0.6498,0.6758
within,embeddings,all,5,17,0.6455,0.6720
within,embeddings,all,5,19,0.6460,0.6709
within,embeddings,pca,5,1,0.5595,0.5913
within,embeddings,pca,5,3,0.5637,0.5951
within,embeddings,pca,5,5,0.5729,0.6033
within,embeddings,pca,5,7,0.5769,0.6056
within,embeddings,pca,5,9,0.5756,0.6040
within,embeddings,pca,5,11,0.5746,0.6027
within,embeddings,pca,5,13,0.5771,0.6044
within,embeddings,pca,5,15,0.5756,0.6020
within,embeddings,pca,5,17,0.5727,0.5996
within,embeddings,pca,5,19,0.5703,0.5956
within,embeddings,relieff,5,1,0.5176,0.5360
within,embeddings,relieff,5,3,0.5172,0.5336
within,embeddings,relieff,5,5,0.5483,0.5935
within,embeddings,relieff,5,7,0.5487,0.5945
within,embeddings,relieff,5,9,0.5471,0.5916
within,embeddings,relieff,5,11,0.5463,0.5905
within,embeddings,relieff,5,13,0.5496,0.5940
within,embeddings,relieff,5,15,0.5476,0.5922
within,embeddings,relieff,5,17,0.5468,0.5911
within,embeddings,relieff,5,19,0.5434,0.5876
within,embeddings,all,6,1,0.6636,0.6929
within,embeddings,all,6,3,0.6683,0.6985
within,embeddings,all,6,5,0.6658,0.6938
within,embeddings,all,6,7,0.6636,0.6916
within,embeddings,all,6,9,0.6517,0.6796
within,embeddings,all,6,11,0.6485,0.6765
within,embeddings,all,6,13,0.6489,0.6762
within,embeddings,all,6,15,0.6504,0.6765
within,embeddings,all,6,17,0.6501,0.6758
within,embeddings,all,6,19,0.6468,0.6720
within,embeddings,pca,6,1,0.5630,0.5958
within,embeddings,pca,6,3,0.5681,0.6000
within,embeddings,pca,6,5,0.5702,0.6009
within,embeddings,pca,6,7,0.5771,0.6093
within,embeddings,pca,6,9,0.5793,0.6105
within,embeddings,pca,6,11,0.5777,0.6087
within,embeddings,pca,6,13,0.5782,0.6082
within,embeddings,pca,6,15,0.5808,0.6104
within,embeddings,pca,6,17,0.5801,0.6098
within,embeddings,pca,6,19,0.5800,0.6098
within,embeddings,relieff,6,1,0.5112,0.5307
within,embeddings,relieff,6,3,0.5487,0.5909
within,embeddings,relieff,6,5,0.5458,0.5884
within,embeddings,relieff,6,7,0.5511,0.5938
within,embeddings,relieff,6,9,0.5562,0.5985
within,embeddings,relieff,6,11,0.5549,0.5960
within,embeddings,relieff,6,13,0.5537,0.5947
within,embeddings,relieff,6,15,0.5540,0.5944
within,embeddings,relieff,6,17,0.5526,0.5929
within,embeddings,relieff,6,19,0.5532,0.5942
within,embeddings,all,7,1,0.6617,0.6918
within,embeddings,all,7,3,0.6663,0.6965
within,embeddings,all,7,5,0.6583,0.6882
within,embeddings,all,7,7,0.6542,0.6844
within,embeddings,all,7,9,0.6471,0.6780
within,embeddings,all,7,11,0.6468,0.6773
within,embeddings,all,7,13,0.6435,0.6733
within,embeddings,all,7,15,0.6434,0.6724
within,embeddings,all,7,17,0.6397,0.6678
within,embeddings,all,7,19,0.6356,0.6640
within,embeddings,pca,7,1,0.5766,0.6107
within,embeddings,pca,7,3,0.5788,0.6102
within,embeddings,pca,7,5,0.5763,0.6060
within,embeddings,pca,7,7,0.5761,0.6067
within,embeddings,pca,7,9,0.5791,0.6096
within,embeddings,pca,7,11,0.5813,0.6120
within,embeddings,pca,7,13,0.5804,0.6098
within,embeddings,pca,7,15,0.5806,0.6098
within,embeddings,pca,7,17,0.5828,0.6122
within,embeddings,pca,7,19,0.5834,0.6133
within,embeddings,relieff,7,1,0.5337,0.5829
within,embeddings,relieff,7,3,0.5406,0.5860
within,embeddings,relieff,7,5,0.5440,0.5871
within,embeddings,relieff,7,7,0.5453,0.5869
within,embeddings,relieff,7,9,0.5413,0.5845
within,embeddings,relieff,7,11,0.5410,0.5844
within,embeddings,relieff,7,13,0.5419,0.5860
within,embeddings,relieff,7,15,0.5418,0.5847
within,embeddings,relieff,7,17,0.5405,0.5827
within,embeddings,relieff,7,19,0.5374,0.5807
within,embeddings,all,8,1,0.6678,0.6971
within,embeddings,all,8,3,0.6637,0.6920
within,embeddings,all,8,5,0.6592,0.6878
within,embeddings,all,8,7,0.6544,0.6831
within,embeddings,all,8,9,0.6498,0.6782
within,embeddings,all,8,11,0.6451,0.6742
within,embeddings,all,8,13,0.6449,0.6735
within,embeddings,all,8,15,0.6413,0.6707
within,embeddings,all,8,17,0.6377,0.6669
within,embeddings,all,8,19,0.6386,0.6664
within,embeddings,pca,8,1,0.5693,0.6007
within,embeddings,pca,8,3,0.5692,0.6005
within,embeddings,pca,8,5,0.5708,0.6020
within,embeddings,pca,8,7,0.5748,0.6042
within,embeddings,pca,8,9,0.5719,0.5995
within,embeddings,pca,8,11,0.5751,0.6024
within,embeddings,pca,8,13,0.5701,0.5976
within,embeddings,pca,8,15,0.5714,0.6004
within,embeddings,pca,8,17,0.5681,0.5962
within,embeddings,pca,8,19,0.5668,0.5951
within,embeddings,relieff,8,1,0.5507,0.5969
within,embeddings,relieff,8,3,0.5549,0.5967
within,embeddings,relieff,8,5,0.5559,0.5993
within,embeddings,relieff,8,7,0.5589,0.6009
within,embeddings,relieff,8,9,0.5590,0.6000
within,embeddings,relieff,8,11,0.5626,0.6031
within,embeddings,relieff,8,13,0.5610,0.6018
within,embeddings,relieff,8,15,0.5618,0.6018
within,embeddings,relieff,8,17,0.5614,0.6016
within,embeddings,relieff,8,19,0.5598,0.5995
within,embeddings,all,9,1,0.6740,0.7038
within,embeddings,all,9,3,0.6649,0.6958
within,embeddings,all,9,5,0.6610,0.6896
within,embeddings,all,9,7,0.6591,0.6882
within,embeddings,all,9,9,0.6568,0.6853
within,embeddings,all,9,11,0.6531,0.6813
within,embeddings,all,9,13,0.6509,0.6787
within,embeddings,all,9,15,0.6486,0.6769
within,embeddings,all,9,17,0.6471,0.6744
within,embeddings,all,9,19,0.6449,0.6720
within,embeddings,pca,9,1,0.5577,0.5953
within,embeddings,pca,9,3,0.5648,0.6000
within,embeddings,pca,9,5,0.5705,0.6044
within,embeddings,pca,9,7,0.5680,0.6016
within,embeddings,pca,9,9,0.5725,0.6056
within,embeddings,pca,9,11,0.5698,0.6036
within,embeddings,pca,9,13,0.5704,0.6027
within,embeddings,pca,9,15,0.5728,0.6053
within,embeddings,pca,9,17,0.5714,0.6031
within,embeddings,pca,9,19,0.5738,0.6047
within,embeddings,relieff,9,1,0.5040,0.5582
within,embeddings,relieff,9,3,0.5144,0.5645
within,embeddings,relieff,9,5,0.5229,0.5705
within,embeddings,relieff,9,7,0.5201,0.5667
within,embeddings,relieff,9,9,0.5254,0.5716
within,embeddings,relieff,9,11,0.5268,0.5724
within,embeddings,relieff,9,13,0.5209,0.5658
within,embeddings,relieff,9,15,0.5203,0.5655
within,embeddings,relieff,9,17,0.5202,0.5642
within,embeddings,relieff,9,19,0.5188,0.5624
within,embeddings,all,10,1,0.6639,0.6945
within,embeddings,all,10,3,0.6664,0.6973
within,embeddings,all,10,5,0.6689,0.6984
within,embeddings,all,10,7,0.6590,0.6900
within,embeddings,all,10,9,0.6574,0.6869
within,embeddings,all,10,11,0.6510,0.6804
within,embeddings,all,10,13,0.6497,0.6798
within,embeddings,all,10,15,0.6465,0.6751
within,embeddings,all,10,17,0.6416,0.6718
within,embeddings,all,10,19,0.6392,0.6696
within,embeddings,pca,10,1,0.5628,0.5956
within,embeddings,pca,10,3,0.5762,0.6062
within,embeddings,pca,10,5,0.5760,0.6044
within,embeddings,pca,10,7,0.5768,0.6051
within,embeddings,pca,10,9,0.5799,0.6085
within,embeddings,pca,10,11,0.5829,0.6115
within,embeddings,pca,10,13,0.5823,0.6105
within,embeddings,pca,10,15,0.5832,0.6107
within,embeddings,pca,10,17,0.5812,0.6093
within,embeddings,pca,10,19,0.5793,0.6084
within,embeddings,relieff,10,1,0.5358,0.5847
within,embeddings,relieff,10,3,0.5392,0.5851
within,embeddings,relieff,10,5,0.5413,0.5871
within,embeddings,relieff,10,7,0.5428,0.5887
within,embeddings,relieff,10,9,0.5372,0.5835
within,embeddings,relieff,10,11,0.5373,0.5840
within,embeddings,relieff,10,13,0.5384,0.5847
within,embeddings,relieff,10,15,0.5357,0.5820
within,embeddings,relieff,10,17,0.5440,0.5880
within,embeddings,relieff,10,19,0.5440,0.5862
within,embeddings,all,1,1,0.6698,0.6984
within,embeddings,all,1,3,0.6634,0.6904
within,embeddings,all,1,5,0.6576,0.6853
within,embeddings,all,1,7,0.6515,0.6780
within,embeddings,all,1,9,0.6503,0.6782
within,embeddings,all,1,11,0.6448,0.6709
within,embeddings,all,1,13,0.6405,0.6669
within,embeddings,all,1,15,0.6373,0.6647
within,embeddings,all,1,17,0.6345,0.6622
within,embeddings,all,1,19,0.6340,0.6611
within,embeddings,pca,1,1,0.5684,0.6020
within,embeddings,pca,1,3,0.5774,0.6087
within,embeddings,pca,1,5,0.5792,0.6082
within,embeddings,pca,1,7,0.5797,0.6080
within,embeddings,pca,1,9,0.5783,0.6071
within,embeddings,pca,1,11,0.5761,0.6042
within,embeddings,pca,1,13,0.5802,0.6085
within,embeddings,pca,1,15,0.5764,0.6047
within,embeddings,pca,1,17,0.5785,0.6067
within,embeddings,pca,1,19,0.5771,0.6053
within,embeddings,relieff,1,1,0.5439,0.5880
within,embeddings,relieff,1,3,0.5481,0.5929
within,embeddings,relieff,1,5,0.5377,0.5851
within,embeddings,relieff,1,7,0.5503,0.5947
within,embeddings,relieff,1,9,0.5540,0.5978
within,embeddings,relieff,1,11,0.5573,0.5998
within,embeddings,relieff,1,13,0.5529,0.5945
within,embeddings,relieff,1,15,0.5451,0.5915
within,embeddings,relieff,1,17,0.5441,0.5893
within,embeddings,relieff,1,19,0.5509,0.5933
within,embeddings,all,2,1,0.6605,0.6927
within,embeddings,all,2,3,0.6640,0.6935
within,embeddings,all,2,5,0.6628,0.6915
within,embeddings,all,2,7,0.6556,0.6847
within,embeddings,all,2,9,0.6527,0.6802
within,embeddings,all,2,11,0.6486,0.6771
within,embeddings,all,2,13,0.6414,0.6696
within,embeddings,all,2,15,0.6399,0.6678
within,embeddings,all,2,17,0.6370,0.6633
within,embeddings,all,2,19,0.6340,0.6605
within,embeddings,pca,2,1,0.5579,0.5916
within,embeddings,pca,2,3,0.5668,0.5987
within,embeddings,pca,2,5,0.5719,0.6027
within,embeddings,pca,2,7,0.5757,0.6055
within,embeddings,pca,2,9,0.5759,0.6058
within,embeddings,pca,2,11,0.5772,0.6065
within,embeddings,pca,2,13,0.5751,0.6035
within,embeddings,pca,2,15,0.5750,0.6025
within,embeddings,pca,2,17,0.5735,0.6018
within,embeddings,pca,2,19,0.5765,0.6056
within,embeddings,relieff,2,1,0.5202,0.5713
within,embeddings,relieff,2,3,0.5164,0.5658
within,embeddings,relieff,2,5,0.5195,0.5680
within,embeddings,relieff,2,7,0.5167,0.5620
within,embeddings,relieff,2,9,0.5207,0.5647
within,embeddings,relieff,2,11,0.5246,0.5675
within,embeddings,relieff,2,13,0.5266,0.5684
within,embeddings,relieff,2,15,0.5259,0.5676
within,embeddings,relieff,2,17,0.5299,0.5718
within,embeddings,relieff,2,19,0.5305,0.5720
within,embeddings,all,3,1,0.6648,0.6964
within,embeddings,all,3,3,0.6627,0.6911
within,embeddings,all,3,5,0.6557,0.6851
within,embeddings,all,3,7,0.6543,0.6829
within,embeddings,all,3,9,0.6504,0.6785
within,embeddings,all,3,11,0.6511,0.6789
within,embeddings,all,3,13,0.6458,0.6736
within,embeddings,all,3,15,0.6445,0.6718
within,embeddings,all,3,17,0.6435,0.6700
within,embeddings,all,3,19,0.6431,0.6689
within,embeddings,pca,3,1,0.5695,0.6042
within,embeddings,pca,3,3,0.5737,0.6067
within,embeddings,pca,3,5,0.5725,0.6047
within,embeddings,pca,3,7,0.5720,0.6022
within,embeddings,pca,3,9,0.5690,0.5996
within,embeddings,pca,3,11,0.5725,0.6025
within,embeddings,pca,3,13,0.5740,0.6036
within,embeddings,pca,3,15,0.5714,0.6007
within,embeddings,pca,3,17,0.5707,0.5987
within,embeddings,pca,3,19,0.5715,0.5995
within,embeddings,relieff,3,1,0.5405,0.5900
within,embeddings,relieff,3,3,0.5493,0.5967
within,embeddings,relieff,3,5,0.5518,0.5962
within,embeddings,relieff,3,7,0.5543,0.5984
within,embeddings,relieff,3,9,0.5550,0.5976
within,embeddings,relieff,3,11,0.5538,0.5982
within,embeddings,relieff,3,13,0.5541,0.5973
within,embeddings,relieff,3,15,0.5573,0.5980
within,embeddings,relieff,3,17,0.5558,0.5989
within,embeddings,relieff,3,19,0.5512,0.5944
within,embeddings,all,4,1,0.6712,0.6996
within,embeddings,all,4,3,0.6666,0.6975
within,embeddings,all,4,5,0.6536,0.6851
within,embeddings,all,4,7,0.6526,0.6809
within,embeddings,all,4,9,0.6518,0.6795
within,embeddings,all,4,11,0.6504,0.6784
within,embeddings,all,4,13,0.6485,0.6760
within,embeddings,all,4,15,0.6435,0.6724
within,embeddings,all,4,17,0.6442,0.6725
within,embeddings,all,4,19,0.6414,0.6696
within,embeddings,pca,4,1,0.5616,0.5942
within,embeddings,pca,4,3,0.5685,0.6004
within,embeddings,pca,4,5,0.5714,0.6033
within,embeddings,pca,4,7,0.5684,0.6004
within,embeddings,pca,4,9,0.5683,0.5996
within,embeddings,pca,4,11,0.5707,0.6011
within,embeddings,pca,4,13,0.5705,0.5998
within,embeddings,pca,4,15,0.5693,0.5987
within,embeddings,pca,4,17,0.5653,0.5945
within,embeddings,pca,4,19,0.5665,0.5958
within,embeddings,relieff,4,1,0.4844,0.5095
within,embeddings,relieff,4,3,0.4870,0.5133
within,embeddings,relieff,4,5,0.5191,0.5671
within,embeddings,relieff,4,7,0.5164,0.5629
within,embeddings,relieff,4,9,0.5166,0.5642
within,embeddings,relieff,4,11,0.5187,0.5656
within,embeddings,relieff,4,13,0.5157,0.5624
within,embeddings,relieff,4,15,0.5171,0.5622
within,embeddings,relieff,4,17,0.5244,0.5698
within,embeddings,relieff,4,19,0.5240,0.5696
within,embeddings,all,5,1,0.6655,0.6947
within,embeddings,all,5,3,0.6678,0.6953
within,embeddings,all,5,5,0.6642,0.6924
within,embeddings,all,5,7,0.6564,0.6836
within,embeddings,all,5,9,0.6541,0.6815
within,embeddings,all,5,11,0.6507,0.6787
within,embeddings,all,5,13,0.6518,0.6782
within,embeddings,all,5,15,0.6498,0.6758
within,embeddings,all,5,17,0.6455,0.6720
within,embeddings,all,5,19,0.6460,0.6709
within,embeddings,pca,5,1,0.5595,0.5913
within,embeddings,pca,5,3,0.5637,0.5951
within,embeddings,pca,5,5,0.5729,0.6033
within,embeddings,pca,5,7,0.5769,0.6056
within,embeddings,pca,5,9,0.5756,0.6040
within,embeddings,pca,5,11,0.5746,0.6027
within,embeddings,pca,5,13,0.5771,0.6044
within,embeddings,pca,5,15,0.5756,0.6020
within,embeddings,pca,5,17,0.5727,0.5996
within,embeddings,pca,5,19,0.5703,0.5956
within,embeddings,relieff,5,1,0.5176,0.5360
within,embeddings,relieff,5,3,0.5172,0.5336
within,embeddings,relieff,5,5,0.5483,0.5935
within,embeddings,relieff,5,7,0.5487,0.5945
within,embeddings,relieff,5,9,0.5471,0.5916
within,embeddings,relieff,5,11,0.5463,0.5905
within,embeddings,relieff,5,13,0.5496,0.5940
within,embeddings,relieff,5,15,0.5476,0.5922
within,embeddings,relieff,5,17,0.5468,0.5911
within,embeddings,relieff,5,19,0.5434,0.5876
within,embeddings,all,6,1,0.6636,0.6929
within,embeddings,all,6,3,0.6683,0.6985
within,embeddings,all,6,5,0.6658,0.6938
within,embeddings,all,6,7,0.6636,0.6916
within,embeddings,all,6,9,0.6517,0.6796
within,embeddings,all,6,11,0.6485,0.6765
within,embeddings,all,6,13,0.6489,0.6762
within,embeddings,all,6,15,0.6504,0.6765
within,embeddings,all,6,17,0.6501,0.6758
within,embeddings,all,6,19,0.6468,0.6720
within,embeddings,pca,6,1,0.5630,0.5958
within,embeddings,pca,6,3,0.5681,0.6000
within,embeddings,pca,6,5,0.5702,0.6009
within,embeddings,pca,6,7,0.5771,0.6093
within,embeddings,pca,6,9,0.5793,0.6105
within,embeddings,pca,6,11,0.5777,0.6087
within,embeddings,pca,6,13,0.5782,0.6082
within,embeddings,pca,6,15,0.5808,0.6104
within,embeddings,pca,6,17,0.5801,0.6098
within,embeddings,pca,6,19,0.5800,0.6098
within,embeddings,relieff,6,1,0.5112,0.5307
within,embeddings,relieff,6,3,0.5487,0.5909
within,embeddings,relieff,6,5,0.5458,0.5884
within,embeddings,relieff,6,7,0.5511,0.5938
within,embeddings,relieff,6,9,0.5562,0.5985
within,embeddings,relieff,6,11,0.5549,0.5960
within,embeddings,relieff,6,13,0.5537,0.5947
within,embeddings,relieff,6,15,0.5540,0.5944
within,embeddings,relieff,6,17,0.5526,0.5929
within,embeddings,relieff,6,19,0.5532,0.5942
within,embeddings,all,7,1,0.6617,0.6918
within,embeddings,all,7,3,0.6663,0.6965
within,embeddings,all,7,5,0.6583,0.6882
within,embeddings,all,7,7,0.6542,0.6844
within,embeddings,all,7,9,0.6471,0.6780
within,embeddings,all,7,11,0.6468,0.6773
within,embeddings,all,7,13,0.6435,0.6733
within,embeddings,all,7,15,0.6434,0.6724
within,embeddings,all,7,17,0.6397,0.6678
within,embeddings,all,7,19,0.6356,0.6640
within,embeddings,pca,7,1,0.5766,0.6107
within,embeddings,pca,7,3,0.5788,0.6102
within,embeddings,pca,7,5,0.5763,0.6060
within,embeddings,pca,7,7,0.5761,0.6067
within,embeddings,pca,7,9,0.5791,0.6096
within,embeddings,pca,7,11,0.5813,0.6120
within,embeddings,pca,7,13,0.5804,0.6098
within,embeddings,pca,7,15,0.5806,0.6098
within,embeddings,pca,7,17,0.5828,0.6122
within,embeddings,pca,7,19,0.5834,0.6133
within,embeddings,relieff,7,1,0.5337,0.5829
within,embeddings,relieff,7,3,0.5406,0.5860
within,embeddings,relieff,7,5,0.5440,0.5871
within,embeddings,relieff,7,7,0.5453,0.5869
within,embeddings,relieff,7,9,0.5413,0.5845
within,embeddings,relieff,7,11,0.5410,0.5844
within,embeddings,relieff,7,13,0.5419,0.5860
within,embeddings,relieff,7,15,0.5418,0.5847
within,embeddings,relieff,7,17,0.5405,0.5827
within,embeddings,relieff,7,19,0.5374,0.5807
within,embeddings,all,8,1,0.6678,0.6971
within,embeddings,all,8,3,0.6637,0.6920
within,embeddings,all,8,5,0.6592,0.6878
within,embeddings,all,8,7,0.6544,0.6831
within,embeddings,all,8,9,0.6498,0.6782
within,embeddings,all,8,11,0.6451,0.6742
within,embeddings,all,8,13,0.6449,0.6735
within,embeddings,all,8,15,0.6413,0.6707
within,embeddings,all,8,17,0.6377,0.6669
within,embeddings,all,8,19,0.6386,0.6664
within,embeddings,pca,8,1,0.5693,0.6007
within,embeddings,pca,8,3,0.5692,0.6005
within,embeddings,pca,8,5,0.5708,0.6020
within,embeddings,pca,8,7,0.5748,0.6042
within,embeddings,pca,8,9,0.5719,0.5995
within,embeddings,pca,8,11,0.5751,0.6024
within,embeddings,pca,8,13,0.5701,0.5976
within,embeddings,pca,8,15,0.5714,0.6004
within,embeddings,pca,8,17,0.5681,0.5962
within,embeddings,pca,8,19,0.5668,0.5951
within,embeddings,relieff,8,1,0.5507,0.5969
within,embeddings,relieff,8,3,0.5549,0.5967
within,embeddings,relieff,8,5,0.5559,0.5993
within,embeddings,relieff,8,7,0.5589,0.6009
within,embeddings,relieff,8,9,0.5590,0.6000
within,embeddings,relieff,8,11,0.5626,0.6031
within,embeddings,relieff,8,13,0.5610,0.6018
within,embeddings,relieff,8,15,0.5618,0.6018
within,embeddings,relieff,8,17,0.5614,0.6016
within,embeddings,relieff,8,19,0.5598,0.5995
within,embeddings,all,9,1,0.6740,0.7038
within,embeddings,all,9,3,0.6649,0.6958
within,embeddings,all,9,5,0.6610,0.6896
within,embeddings,all,9,7,0.6591,0.6882
within,embeddings,all,9,9,0.6568,0.6853
within,embeddings,all,9,11,0.6531,0.6813
within,embeddings,all,9,13,0.6509,0.6787
within,embeddings,all,9,15,0.6486,0.6769
within,embeddings,all,9,17,0.6471,0.6744
within,embeddings,all,9,19,0.6449,0.6720
within,embeddings,pca,9,1,0.5577,0.5953
within,embeddings,pca,9,3,0.5648,0.6000
within,embeddings,pca,9,5,0.5705,0.6044
within,embeddings,pca,9,7,0.5680,0.6016
within,embeddings,pca,9,9,0.5725,0.6056
within,embeddings,pca,9,11,0.5698,0.6036
within,embeddings,pca,9,13,0.5704,0.6027
within,embeddings,pca,9,15,0.5728,0.6053
within,embeddings,pca,9,17,0.5714,0.6031
within,embeddings,pca,9,19,0.5738,0.6047
within,embeddings,relieff,9,1,0.5040,0.5582
within,embeddings,relieff,9,3,0.5144,0.5645
within,embeddings,relieff,9,5,0.5229,0.5705
within,embeddings,relieff,9,7,0.5201,0.5667
within,embeddings,relieff,9,9,0.5254,0.5716
within,embeddings,relieff,9,11,0.5268,0.5724
within,embeddings,relieff,9,13,0.5209,0.5658
within,embeddings,relieff,9,15,0.5203,0.5655
within,embeddings,relieff,9,17,0.5202,0.5642
within,embeddings,relieff,9,19,0.5188,0.5624
within,embeddings,all,10,1,0.6639,0.6945
within,embeddings,all,10,3,0.6664,0.6973
within,embeddings,all,10,5,0.6689,0.6984
within,embeddings,all,10,7,0.6590,0.6900
within,embeddings,all,10,9,0.6574,0.6869
within,embeddings,all,10,11,0.6510,0.6804
within,embeddings,all,10,13,0.6497,0.6798
within,embeddings,all,10,15,0.6465,0.6751
within,embeddings,all,10,17,0.6416,0.6718
within,embeddings,all,10,19,0.6392,0.6696
within,embeddings,pca,10,1,0.5628,0.5956
within,embeddings,pca,10,3,0.5762,0.6062
within,embeddings,pca,10,5,0.5760,0.6044
within,embeddings,pca,10,7,0.5768,0.6051
within,embeddings,pca,10,9,0.5799,0.6085
within,embeddings,pca,10,11,0.5829,0.6115
within,embeddings,pca,10,13,0.5823,0.6105
within,embeddings,pca,10,15,0.5832,0.6107
within,embeddings,pca,10,17,0.5812,0.6093
within,embeddings,pca,10,19,0.5793,0.6084
within,embeddings,relieff,10,1,0.5358,0.5847
within,embeddings,relieff,10,3,0.5392,0.5851
within,embeddings,relieff,10,5,0.5413,0.5871
within,embeddings,relieff,10,7,0.5428,0.5887
within,embeddings,relieff,10,9,0.5372,0.5835
within,embeddings,relieff,10,11,0.5373,0.5840
within,embeddings,relieff,10,13,0.5384,0.5847
within,embeddings,relieff,10,15,0.5357,0.5820
within,embeddings,relieff,10,17,0.5440,0.5880
within,embeddings,relieff,10,19,0.5440,0.5862
within,embeddings,all,1,1,0.6698,0.6984
within,embeddings,all,1,3,0.6634,0.6904
within,embeddings,all,1,5,0.6576,0.6853
within,embeddings,all,1,7,0.6515,0.6780
within,embeddings,all,1,9,0.6503,0.6782
within,embeddings,all,1,11,0.6448,0.6709
within,embeddings,all,1,13,0.6405,0.6669
within,embeddings,all,1,15,0.6373,0.6647
within,embeddings,all,1,17,0.6345,0.6622
within,embeddings,all,1,19,0.6340,0.6611
within,embeddings,pca,1,1,0.5684,0.6020
within,embeddings,pca,1,3,0.5774,0.6087
within,embeddings,pca,1,5,0.5792,0.6082
within,embeddings,pca,1,7,0.5797,0.6080
within,embeddings,pca,1,9,0.5783,0.6071
within,embeddings,pca,1,11,0.5761,0.6042
within,embeddings,pca,1,13,0.5802,0.6085
within,embeddings,pca,1,15,0.5764,0.6047
within,embeddings,pca,1,17,0.5785,0.6067
within,embeddings,pca,1,19,0.5771,0.6053
within,embeddings,relieff,1,1,0.5439,0.5880
within,embeddings,relieff,1,3,0.5481,0.5929
within,embeddings,relieff,1,5,0.5377,0.5851
within,embeddings,relieff,1,7,0.5503,0.5947
within,embeddings,relieff,1,9,0.5540,0.5978
within,embeddings,relieff,1,11,0.5573,0.5998
within,embeddings,relieff,1,13,0.5529,0.5945
within,embeddings,relieff,1,15,0.5451,0.5915
within,embeddings,relieff,1,17,0.5441,0.5893
within,embeddings,relieff,1,19,0.5509,0.5933
within,embeddings,all,2,1,0.6605,0.6927
within,embeddings,all,2,3,0.6640,0.6935
within,embeddings,all,2,5,0.6628,0.6915
within,embeddings,all,2,7,0.6556,0.6847
within,embeddings,all,2,9,0.6527,0.6802
within,embeddings,all,2,11,0.6486,0.6771
within,embeddings,all,2,13,0.6414,0.6696
within,embeddings,all,2,15,0.6399,0.6678
within,embeddings,all,2,17,0.6370,0.6633
within,embeddings,all,2,19,0.6340,0.6605
within,embeddings,pca,2,1,0.5579,0.5916
within,embeddings,pca,2,3,0.5668,0.5987
within,embeddings,pca,2,5,0.5719,0.6027
within,embeddings,pca,2,7,0.5757,0.6055
within,embeddings,pca,2,9,0.5759,0.6058
within,embeddings,pca,2,11,0.5772,0.6065
within,embeddings,pca,2,13,0.5751,0.6035
within,embeddings,pca,2,15,0.5750,0.6025
within,embeddings,pca,2,17,0.5735,0.6018
within,embeddings,pca,2,19,0.5765,0.6056
within,embeddings,relieff,2,1,0.5202,0.5713
within,embeddings,relieff,2,3,0.5164,0.5658
within,embeddings,relieff,2,5,0.5195,0.5680
within,embeddings,relieff,2,7,0.5167,0.5620
within,embeddings,relieff,2,9,0.5207,0.5647
within,embeddings,relieff,2,11,0.5246,0.5675
within,embeddings,relieff,2,13,0.5266,0.5684
within,embeddings,relieff,2,15,0.5259,0.5676
within,embeddings,relieff,2,17,0.5299,0.5718
within,embeddings,relieff,2,19,0.5305,0.5720
within,embeddings,all,3,1,0.6648,0.6964
within,embeddings,all,3,3,0.6627,0.6911
within,embeddings,all,3,5,0.6557,0.6851
within,embeddings,all,3,7,0.6543,0.6829
within,embeddings,all,3,9,0.6504,0.6785
within,embeddings,all,3,11,0.6511,0.6789
within,embeddings,all,3,13,0.6458,0.6736
within,embeddings,all,3,15,0.6445,0.6718
within,embeddings,all,3,17,0.6435,0.6700
within,embeddings,all,3,19,0.6431,0.6689
within,embeddings,pca,3,1,0.5695,0.6042
within,embeddings,pca,3,3,0.5737,0.6067
within,embeddings,pca,3,5,0.5725,0.6047
within,embeddings,pca,3,7,0.5720,0.6022
within,embeddings,pca,3,9,0.5690,0.5996
within,embeddings,pca,3,11,0.5725,0.6025
within,embeddings,pca,3,13,0.5740,0.6036
within,embeddings,pca,3,15,0.5714,0.6007
within,embeddings,pca,3,17,0.5707,0.5987
within,embeddings,pca,3,19,0.5715,0.5995
within,embeddings,relieff,3,1,0.5405,0.5900
within,embeddings,relieff,3,3,0.5493,0.5967
within,embeddings,relieff,3,5,0.5518,0.5962
within,embeddings,relieff,3,7,0.5543,0.5984
within,embeddings,relieff,3,9,0.5550,0.5976
within,embeddings,relieff,3,11,0.5538,0.5982
within,embeddings,relieff,3,13,0.5541,0.5973
within,embeddings,relieff,3,15,0.5573,0.5980
within,embeddings,relieff,3,17,0.5558,0.5989
within,embeddings,relieff,3,19,0.5512,0.5944
within,embeddings,all,4,1,0.6712,0.6996
within,embeddings,all,4,3,0.6666,0.6975
within,embeddings,all,4,5,0.6536,0.6851
within,embeddings,all,4,7,0.6526,0.6809
within,embeddings,all,4,9,0.6518,0.6795
within,embeddings,all,4,11,0.6504,0.6784
within,embeddings,all,4,13,0.6485,0.6760
within,embeddings,all,4,15,0.6435,0.6724
within,embeddings,all,4,17,0.6442,0.6725
within,embeddings,all,4,19,0.6414,0.6696
within,embeddings,pca,4,1,0.5616,0.5942
within,embeddings,pca,4,3,0.5685,0.6004
within,embeddings,pca,4,5,0.5714,0.6033
within,embeddings,pca,4,7,0.5684,0.6004
within,embeddings,pca,4,9,0.5683,0.5996
within,embeddings,pca,4,11,0.5707,0.6011
within,embeddings,pca,4,13,0.5705,0.5998
within,embeddings,pca,4,15,0.5693,0.5987
within,embeddings,pca,4,17,0.5653,0.5945
within,embeddings,pca,4,19,0.5665,0.5958
within,embeddings,relieff,4,1,0.4844,0.5095
within,embeddings,relieff,4,3,0.4870,0.5133
within,embeddings,relieff,4,5,0.5191,0.5671
within,embeddings,relieff,4,7,0.5164,0.5629
within,embeddings,relieff,4,9,0.5166,0.5642
within,embeddings,relieff,4,11,0.5187,0.5656
within,embeddings,relieff,4,13,0.5157,0.5624
within,embeddings,relieff,4,15,0.5171,0.5622
within,embeddings,relieff,4,17,0.5244,0.5698
within,embeddings,relieff,4,19,0.5240,0.5696
within,embeddings,all,5,1,0.6655,0.6947
within,embeddings,all,5,3,0.6678,0.6953
within,embeddings,all,5,5,0.6642,0.6924
within,embeddings,all,5,7,0.6564,0.6836
within,embeddings,all,5,9,0.6541,0.6815
within,embeddings,all,5,11,0.6507,0.6787
within,embeddings,all,5,13,0.6518,0.6782
within,embeddings,all,5,15,0.6498,0.6758
within,embeddings,all,5,17,0.6455,0.6720
within,embeddings,all,5,19,0.6460,0.6709
within,embeddings,pca,5,1,0.5595,0.5913
within,embeddings,pca,5,3,0.5637,0.5951
within,embeddings,pca,5,5,0.5729,0.6033
within,embeddings,pca,5,7,0.5769,0.6056
within,embeddings,pca,5,9,0.5756,0.6040
within,embeddings,pca,5,11,0.5746,0.6027
within,embeddings,pca,5,13,0.5771,0.6044
within,embeddings,pca,5,15,0.5756,0.6020
within,embeddings,pca,5,17,0.5727,0.5996
within,embeddings,pca,5,19,0.5703,0.5956
within,embeddings,relieff,5,1,0.5176,0.5360
within,embeddings,relieff,5,3,0.5172,0.5336
within,embeddings,relieff,5,5,0.5483,0.5935
within,embeddings,relieff,5,7,0.5487,0.5945
within,embeddings,relieff,5,9,0.5471,0.5916
within,embeddings,relieff,5,11,0.5463,0.5905
within,embeddings,relieff,5,13,0.5496,0.5940
within,embeddings,relieff,5,15,0.5476,0.5922
within,embeddings,relieff,5,17,0.5468,0.5911
within,embeddings,relieff,5,19,0.5434,0.5876
within,embeddings,all,6,1,0.6636,0.6929
within,embeddings,all,6,3,0.6683,0.6985
within,embeddings,all,6,5,0.6658,0.6938
within,embeddings,all,6,7,0.6636,0.6916
within,embeddings,all,6,9,0.6517,0.6796
within,embeddings,all,6,11,0.6485,0.6765
within,embeddings,all,6,13,0.6489,0.6762
within,embeddings,all,6,15,0.6504,0.6765
within,embeddings,all,6,17,0.6501,0.6758
within,embeddings,all,6,19,0.6468,0.6720
within,embeddings,pca,6,1,0.5630,0.5958
within,embeddings,pca,6,3,0.5681,0.6000
within,embeddings,pca,6,5,0.5702,0.6009
within,embeddings,pca,6,7,0.5771,0.6093
within,embeddings,pca,6,9,0.5793,0.6105
within,embeddings,pca,6,11,0.5777,0.6087
within,embeddings,pca,6,13,0.5782,0.6082
within,embeddings,pca,6,15,0.5808,0.6104
within,embeddings,pca,6,17,0.5801,0.6098
within,embeddings,pca,6,19,0.5800,0.6098
within,embeddings,relieff,6,1,0.5112,0.5307
within,embeddings,relieff,6,3,0.5487,0.5909
within,embeddings,relieff,6,5,0.5458,0.5884
within,embeddings,relieff,6,7,0.5511,0.5938
within,embeddings,relieff,6,9,0.5562,0.5985
within,embeddings,relieff,6,11,0.5549,0.5960
within,embeddings,relieff,6,13,0.5537,0.5947
within,embeddings,relieff,6,15,0.5540,0.5944
within,embeddings,relieff,6,17,0.5526,0.5929
within,embeddings,relieff,6,19,0.5532,0.5942
within,embeddings,all,7,1,0.6617,0.6918
within,embeddings,all,7,3,0.6663,0.6965
within,embeddings,all,7,5,0.6583,0.6882
within,embeddings,all,7,7,0.6542,0.6844
within,embeddings,all,7,9,0.6471,0.6780
within,embeddings,all,7,11,0.6468,0.6773
within,embeddings,all,7,13,0.6435,0.6733
within,embeddings,all,7,15,0.6434,0.6724
within,embeddings,all,7,17,0.6397,0.6678
within,embeddings,all,7,19,0.6356,0.6640
within,embeddings,pca,7,1,0.5766,0.6107
within,embeddings,pca,7,3,0.5788,0.6102
within,embeddings,pca,7,5,0.5763,0.6060
within,embeddings,pca,7,7,0.5761,0.6067
within,embeddings,pca,7,9,0.5791,0.6096
within,embeddings,pca,7,11,0.5813,0.6120
within,embeddings,pca,7,13,0.5804,0.6098
within,embeddings,pca,7,15,0.5806,0.6098
within,embeddings,pca,7,17,0.5828,0.6122
within,embeddings,pca,7,19,0.5834,0.6133
within,embeddings,relieff,7,1,0.5337,0.5829
within,embeddings,relieff,7,3,0.5406,0.5860
within,embeddings,relieff,7,5,0.5440,0.5871
within,embeddings,relieff,7,7,0.5453,0.5869
within,embeddings,relieff,7,9,0.5413,0.5845
within,embeddings,relieff,7,11,0.5410,0.5844
within,embeddings,relieff,7,13,0.5419,0.5860
within,embeddings,relieff,7,15,0.5418,0.5847
within,embeddings,relieff,7,17,0.5405,0.5827
within,embeddings,relieff,7,19,0.5374,0.5807
within,embeddings,all,8,1,0.6678,0.6971
within,embeddings,all,8,3,0.6637,0.6920
within,embeddings,all,8,5,0.6592,0.6878
within,embeddings,all,8,7,0.6544,0.6831
within,embeddings,all,8,9,0.6498,0.6782
within,embeddings,all,8,11,0.6451,0.6742
within,embeddings,all,8,13,0.6449,0.6735
within,embeddings,all,8,15,0.6413,0.6707
within,embeddings,all,8,17,0.6377,0.6669
within,embeddings,all,8,19,0.6386,0.6664
within,embeddings,pca,8,1,0.5693,0.6007
within,embeddings,pca,8,3,0.5692,0.6005
within,embeddings,pca,8,5,0.5708,0.6020
within,embeddings,pca,8,7,0.5748,0.6042
within,embeddings,pca,8,9,0.5719,0.5995
within,embeddings,pca,8,11,0.5751,0.6024
within,embeddings,pca,8,13,0.5701,0.5976
within,embeddings,pca,8,15,0.5714,0.6004
within,embeddings,pca,8,17,0.5681,0.5962
within,embeddings,pca,8,19,0.5668,0.5951
within,embeddings,relieff,8,1,0.5507,0.5969
within,embeddings,relieff,8,3,0.5549,0.5967
within,embeddings,relieff,8,5,0.5559,0.5993
within,embeddings,relieff,8,7,0.5589,0.6009
within,embeddings,relieff,8,9,0.5590,0.6000
within,embeddings,relieff,8,11,0.5626,0.6031
within,embeddings,relieff,8,13,0.5610,0.6018
within,embeddings,relieff,8,15,0.5618,0.6018
within,embeddings,relieff,8,17,0.5614,0.6016
within,embeddings,relieff,8,19,0.5598,0.5995
within,embeddings,all,9,1,0.6740,0.7038
within,embeddings,all,9,3,0.6649,0.6958
within,embeddings,all,9,5,0.6610,0.6896
within,embeddings,all,9,7,0.6591,0.6882
within,embeddings,all,9,9,0.6568,0.6853
within,embeddings,all,9,11,0.6531,0.6813
within,embeddings,all,9,13,0.6509,0.6787
within,embeddings,all,9,15,0.6486,0.6769
within,embeddings,all,9,17,0.6471,0.6744
within,embeddings,all,9,19,0.6449,0.6720
within,embeddings,pca,9,1,0.5577,0.5953
within,embeddings,pca,9,3,0.5648,0.6000
within,embeddings,pca,9,5,0.5705,0.6044
within,embeddings,pca,9,7,0.5680,0.6016
within,embeddings,pca,9,9,0.5725,0.6056
within,embeddings,pca,9,11,0.5698,0.6036
within,embeddings,pca,9,13,0.5704,0.6027
within,embeddings,pca,9,15,0.5728,0.6053
within,embeddings,pca,9,17,0.5714,0.6031
within,embeddings,pca,9,19,0.5738,0.6047
within,embeddings,relieff,9,1,0.5040,0.5582
within,embeddings,relieff,9,3,0.5144,0.5645
within,embeddings,relieff,9,5,0.5229,0.5705
within,embeddings,relieff,9,7,0.5201,0.5667
within,embeddings,relieff,9,9,0.5254,0.5716
within,embeddings,relieff,9,11,0.5268,0.5724
within,embeddings,relieff,9,13,0.5209,0.5658
within,embeddings,relieff,9,15,0.5203,0.5655
within,embeddings,relieff,9,17,0.5202,0.5642
within,embeddings,relieff,9,19,0.5188,0.5624
within,embeddings,all,10,1,0.6639,0.6945
within,embeddings,all,10,3,0.6664,0.6973
within,embeddings,all,10,5,0.6689,0.6984
within,embeddings,all,10,7,0.6590,0.6900
within,embeddings,all,10,9,0.6574,0.6869
within,embeddings,all,10,11,0.6510,0.6804
within,embeddings,all,10,13,0.6497,0.6798
within,embeddings,all,10,15,0.6465,0.6751
within,embeddings,all,10,17,0.6416,0.6718
within,embeddings,all,10,19,0.6392,0.6696
within,embeddings,pca,10,1,0.5628,0.5956
within,embeddings,pca,10,3,0.5762,0.6062
within,embeddings,pca,10,5,0.5760,0.6044
within,embeddings,pca,10,7,0.5768,0.6051
within,embeddings,pca,10,9,0.5799,0.6085
within,embeddings,pca,10,11,0.5829,0.6115
within,embeddings,pca,10,13,0.5823,0.6105
within,embeddings,pca,10,15,0.5832,0.6107
within,embeddings,pca,10,17,0.5812,0.6093
within,embeddings,pca,10,19,0.5793,0.6084
within,embeddings,relieff,10,1,0.5358,0.5847
within,embeddings,relieff,10,3,0.5392,0.5851
within,embeddings,relieff,10,5,0.5413,0.5871
within,embeddings,relieff,10,7,0.5428,0.5887
within,embeddings,relieff,10,9,0.5372,0.5835
within,embeddings,relieff,10,11,0.5373,0.5840
within,embeddings,relieff,10,13,0.5384,0.5847
within,embeddings,relieff,10,15,0.5357,0.5820
within,embeddings,relieff,10,17,0.5440,0.5880
within,embeddings,relieff,10,19,0.5440,0.5862
between,features,all,1,1,0.5907,0.6283
between,features,all,1,3,0.6030,0.6377
between,features,all,1,5,0.6017,0.6348
between,features,all,1,7,0.5986,0.6316
between,features,all,1,9,0.5942,0.6270
between,features,all,1,11,0.5971,0.6288
between,features,all,1,13,0.5942,0.6257
between,features,all,1,15,0.5967,0.6288
between,features,all,1,17,0.6003,0.6301
between,features,all,1,19,0.6041,0.6342
between,features,pca,1,1,0.5743,0.6117
between,features,pca,1,3,0.5777,0.6138
between,features,pca,1,5,0.5800,0.6129
between,features,pca,1,7,0.5814,0.6129
between,features,pca,1,9,0.5854,0.6160
between,features,pca,1,11,0.5841,0.6121
between,features,pca,1,13,0.5855,0.6153
between,features,pca,1,15,0.5888,0.6182
between,features,pca,1,17,0.5869,0.6151
between,features,pca,1,19,0.5883,0.6158
between,features,relieff,1,1,0.4668,0.5181
between,features,relieff,1,3,0.4683,0.5177
between,features,relieff,1,5,0.4710,0.5176
between,features,relieff,1,7,0.4672,0.5135
between,features,relieff,1,9,0.4663,0.5124
between,features,relieff,1,11,0.4623,0.5083
between,features,relieff,1,13,0.4662,0.5114
between,features,relieff,1,15,0.4676,0.5129
between,features,relieff,1,17,0.4653,0.5103
between,features,relieff,1,19,0.4731,0.5181
between,features,all,2,1,0.5997,0.6296
between,features,all,2,3,0.5968,0.6261
between,features,all,2,5,0.6011,0.6294
between,features,all,2,7,0.6034,0.6312
between,features,all,2,9,0.6019,0.6283
between,features,all,2,11,0.6014,0.6287
between,features,all,2,13,0.6069,0.6325
between,features,all,2,15,0.6068,0.6344
between,features,all,2,17,0.6058,0.6334
between,features,all,2,19,0.6060,0.6346
between,features,pca,2,1,0.5595,0.5921
between,features,pca,2,3,0.5620,0.5950
between,features,pca,2,5,0.5648,0.5986
between,features,pca,2,7,0.5670,0.5982
between,features,pca,2,9,0.5599,0.5913
between,features,pca,2,11,0.5647,0.5962
between,features,pca,2,13,0.5661,0.5977
between,features,pca,2,15,0.5671,0.5996
between,features,pca,2,17,0.5635,0.5969
between,features,pca,2,19,0.5641,0.5971
between,features,relieff,2,1,0.5281,0.5618
between,features,relieff,2,3,0.5340,0.5661
between,features,relieff,2,5,0.5292,0.5603
between,features,relieff,2,7,0.5314,0.5638
between,features,relieff,2,9,0.5359,0.5661
between,features,relieff,2,11,0.5363,0.5663
between,features,relieff,2,13,0.5367,0.5665
between,features,relieff,2,15,0.5342,0.5659
between,features,relieff,2,17,0.5339,0.5643
between,features,relieff,2,19,0.5363,0.5657
between,features,all,3,1,0.5789,0.6119
between,features,all,3,3,0.5754,0.6088
between,features,all,3,5,0.5794,0.6115
between,features,all,3,7,0.5829,0.6146
between,features,all,3,9,0.5803,0.6119
between,features,all,3,11,0.5781,0.6104
between,features,all,3,13,0.5830,0.6142
between,features,all,3,15,0.5790,0.6104
between,features,all,3,17,0.5850,0.6160
between,features,all,3,19,0.5865,0.6175
between,features,pca,3,1,0.5549,0.5867
between,features,pca,3,3,0.5628,0.5949
between,features,pca,3,5,0.5667,0.5969
between,features,pca,3,7,0.5648,0.5967
between,features,pca,3,9,0.5639,0.5956
between,features,pca,3,11,0.5630,0.5964
between,features,pca,3,13,0.5548,0.5887
between,features,pca,3,15,0.5620,0.5958
between,features,pca,3,17,0.5598,0.5938
between,features,pca,3,19,0.5632,0.5984
between,features,relieff,3,1,0.4976,0.5287
between,features,relieff,3,3,0.4956,0.5276
between,features,relieff,3,5,0.5011,0.5338
between,features,relieff,3,7,0.5024,0.5344
between,features,relieff,3,9,0.5079,0.5389
between,features,relieff,3,11,0.5123,0.5411
between,features,relieff,3,13,0.5170,0.5451
between,features,relieff,3,15,0.5167,0.5444
between,features,relieff,3,17,0.5124,0.5417
between,features,relieff,3,19,0.5157,0.5444
between,features,all,4,1,0.5825,0.6133
between,features,all,4,3,0.5867,0.6161
between,features,all,4,5,0.5886,0.6186
between,features,all,4,7,0.5912,0.6213
between,features,all,4,9,0.5898,0.6195
between,features,all,4,11,0.5940,0.6228
between,features,all,4,13,0.5889,0.6192
between,features,all,4,15,0.5922,0.6213
between,features,all,4,17,0.5919,0.6215
between,features,all,4,19,0.5910,0.6213
between,features,pca,4,1,0.5544,0.5869
between,features,pca,4,3,0.5592,0.5927
between,features,pca,4,5,0.5599,0.5930
between,features,pca,4,7,0.5619,0.5943
between,features,pca,4,9,0.5669,0.6007
between,features,pca,4,11,0.5630,0.5964
between,features,pca,4,13,0.5617,0.5959
between,features,pca,4,15,0.5590,0.5928
between,features,pca,4,17,0.5627,0.5970
between,features,pca,4,19,0.5637,0.5986
between,features,relieff,4,1,0.4967,0.5396
between,features,relieff,4,3,0.5005,0.5435
between,features,relieff,4,5,0.5017,0.5421
between,features,relieff,4,7,0.5037,0.5444
between,features,relieff,4,9,0.4990,0.5410
between,features,relieff,4,11,0.4971,0.5392
between,features,relieff,4,13,0.4965,0.5385
between,features,relieff,4,15,0.4995,0.5425
between,features,relieff,4,17,0.5010,0.5435
between,features,relieff,4,19,0.5009,0.5434
between,features,all,5,1,0.5836,0.6178
between,features,all,5,3,0.5804,0.6167
between,features,all,5,5,0.5816,0.6178
between,features,all,5,7,0.5799,0.6154
between,features,all,5,9,0.5831,0.6186
between,features,all,5,11,0.5823,0.6184
between,features,all,5,13,0.5798,0.6151
between,features,all,5,15,0.5838,0.6186
between,features,all,5,17,0.5797,0.6138
between,features,all,5,19,0.5790,0.6125
between,features,pca,5,1,0.5534,0.5900
between,features,pca,5,3,0.5623,0.5979
between,features,pca,5,5,0.5661,0.5979
between,features,pca,5,7,0.5661,0.6001
between,features,pca,5,9,0.5626,0.5975
between,features,pca,5,11,0.5637,0.5994
between,features,pca,5,13,0.5668,0.6007
between,features,pca,5,15,0.5686,0.6014
between,features,pca,5,17,0.5677,0.6016
between,features,pca,5,19,0.5652,0.5992
between,features,relieff,5,1,0.5332,0.5754
between,features,relieff,5,3,0.5365,0.5768
between,features,relieff,5,5,0.5366,0.5754
between,features,relieff,5,7,0.5441,0.5815
between,features,relieff,5,9,0.5432,0.5798
between,features,relieff,5,11,0.5399,0.5783
between,features,relieff,5,13,0.5440,0.5822
between,features,relieff,5,15,0.5460,0.5842
between,features,relieff,5,17,0.5456,0.5833
between,features,relieff,5,19,0.5462,0.5835
between,features,all,6,1,0.5863,0.6132
between,features,all,6,3,0.5796,0.6090
between,features,all,6,5,0.5795,0.6073
between,features,all,6,7,0.5827,0.6095
between,features,all,6,9,0.5782,0.6071
between,features,all,6,11,0.5815,0.6105
between,features,all,6,13,0.5827,0.6130
between,features,all,6,15,0.5808,0.6129
between,features,all,6,17,0.5787,0.6116
between,features,all,6,19,0.5786,0.6108
between,features,pca,6,1,0.5582,0.5910
between,features,pca,6,3,0.5548,0.5873
between,features,pca,6,5,0.5538,0.5864
between,features,pca,6,7,0.5576,0.5897
between,features,pca,6,9,0.5570,0.5906
between,features,pca,6,11,0.5588,0.5915
between,features,pca,6,13,0.5556,0.5890
between,features,pca,6,15,0.5582,0.5930
between,features,pca,6,17,0.5576,0.5923
between,features,pca,6,19,0.5551,0.5908
between,features,relieff,6,1,0.4803,0.5115
between,features,relieff,6,3,0.4823,0.5146
between,features,relieff,6,5,0.4879,0.5180
between,features,relieff,6,7,0.4889,0.5178
between,features,relieff,6,9,0.4888,0.5167
between,features,relieff,6,11,0.4899,0.5176
between,features,relieff,6,13,0.4955,0.5222
between,features,relieff,6,15,0.4943,0.5206
between,features,relieff,6,17,0.4964,0.5228
between,features,relieff,6,19,0.4935,0.5182
between,features,all,7,1,0.5869,0.6199
between,features,all,7,3,0.5854,0.6187
between,features,all,7,5,0.5813,0.6139
between,features,all,7,7,0.5759,0.6096
between,features,all,7,9,0.5791,0.6124
between,features,all,7,11,0.5772,0.6096
between,features,all,7,13,0.5808,0.6129
between,features,all,7,15,0.5815,0.6142
between,features,all,7,17,0.5817,0.6148
between,features,all,7,19,0.5782,0.6113
between,features,pca,7,1,0.5678,0.5969
between,features,pca,7,3,0.5663,0.5956
between,features,pca,7,5,0.5689,0.5991
between,features,pca,7,7,0.5706,0.6009
between,features,pca,7,9,0.5682,0.5976
between,features,pca,7,11,0.5611,0.5898
between,features,pca,7,13,0.5597,0.5886
between,features,pca,7,15,0.5587,0.5880
between,features,pca,7,17,0.5552,0.5845
between,features,pca,7,19,0.5516,0.5817
between,features,relieff,7,1,0.4509,0.5053
between,features,relieff,7,3,0.4449,0.4977
between,features,relieff,7,5,0.4384,0.4881
between,features,relieff,7,7,0.4393,0.4870
between,features,relieff,7,9,0.4358,0.4835
between,features,relieff,7,11,0.4339,0.4820
between,features,relieff,7,13,0.4366,0.4838
between,features,relieff,7,15,0.4378,0.4838
between,features,relieff,7,17,0.4336,0.4789
between,features,relieff,7,19,0.4365,0.4813
between,features,all,8,1,0.5948,0.6240
between,features,all,8,3,0.5978,0.6266
between,features,all,8,5,0.5967,0.6247
between,features,all,8,7,0.5971,0.6255
between,features,all,8,9,0.5951,0.6240
between,features,all,8,11,0.5956,0.6266
between,features,all,8,13,0.5966,0.6275
between,features,all,8,15,0.5913,0.6247
between,features,all,8,17,0.5910,0.6251
between,features,all,8,19,0.5869,0.6207
between,features,pca,8,1,0.5798,0.6161
between,features,pca,8,3,0.5728,0.6082
between,features,pca,8,5,0.5784,0.6135
between,features,pca,8,7,0.5799,0.6148
between,features,pca,8,9,0.5739,0.6088
between,features,pca,8,11,0.5719,0.6082
between,features,pca,8,13,0.5716,0.6093
between,features,pca,8,15,0.5695,0.6064
between,features,pca,8,17,0.5685,0.6069
between,features,pca,8,19,0.5694,0.6084
between,features,relieff,8,1,0.4673,0.5111
between,features,relieff,8,3,0.4672,0.5096
between,features,relieff,8,5,0.4667,0.5091
between,features,relieff,8,7,0.4670,0.5100
between,features,relieff,8,9,0.4633,0.5050
between,features,relieff,8,11,0.4664,0.5089
between,features,relieff,8,13,0.4705,0.5128
between,features,relieff,8,15,0.4730,0.5155
between,features,relieff,8,17,0.4741,0.5159
between,features,relieff,8,19,0.4743,0.5161
between,features,all,9,1,0.5672,0.5939
between,features,all,9,3,0.5644,0.5919
between,features,all,9,5,0.5647,0.5930
between,features,all,9,7,0.5634,0.5921
between,features,all,9,9,0.5668,0.5946
between,features,all,9,11,0.5722,0.5998
between,features,all,9,13,0.5737,0.6005
between,features,all,9,15,0.5715,0.5996
between,features,all,9,17,0.5718,0.6001
between,features,all,9,19,0.5692,0.5974
between,features,pca,9,1,0.5324,0.5633
between,features,pca,9,3,0.5285,0.5573
between,features,pca,9,5,0.5242,0.5518
between,features,pca,9,7,0.5208,0.5496
between,features,pca,9,9,0.5253,0.5534
between,features,pca,9,11,0.5268,0.5538
between,features,pca,9,13,0.5305,0.5582
between,features,pca,9,15,0.5326,0.5596
between,features,pca,9,17,0.5339,0.5598
between,features,pca,9,19,0.5311,0.5596
between,features,relieff,9,1,0.5273,0.5573
between,features,relieff,9,3,0.5318,0.5622
between,features,relieff,9,5,0.5244,0.5553
between,features,relieff,9,7,0.5319,0.5637
between,features,relieff,9,9,0.5285,0.5606
between,features,relieff,9,11,0.5300,0.5613
between,features,relieff,9,13,0.5389,0.5705
between,features,relieff,9,15,0.5386,0.5697
between,features,relieff,9,17,0.5385,0.5695
between,features,relieff,9,19,0.5332,0.5631
between,features,all,10,1,0.5904,0.6244
between,features,all,10,3,0.5988,0.6301
between,features,all,10,5,0.6051,0.6344
between,features,all,10,7,0.6171,0.6448
between,features,all,10,9,0.6209,0.6496
between,features,all,10,11,0.6153,0.6455
between,features,all,10,13,0.6169,0.6471
between,features,all,10,15,0.6151,0.6450
between,features,all,10,17,0.6249,0.6536
between,features,all,10,19,0.6239,0.6521
between,features,pca,10,1,0.5761,0.6103
between,features,pca,10,3,0.5815,0.6162
between,features,pca,10,5,0.5806,0.6135
between,features,pca,10,7,0.5809,0.6155
between,features,pca,10,9,0.5813,0.6167
between,features,pca,10,11,0.5843,0.6201
between,features,pca,10,13,0.5841,0.6196
between,features,pca,10,15,0.5899,0.6251
between,features,pca,10,17,0.5906,0.6251
between,features,pca,10,19,0.5872,0.6217
between,features,relieff,10,1,0.4960,0.5433
between,features,relieff,10,3,0.4945,0.5395
between,features,relieff,10,5,0.4981,0.5424
between,features,relieff,10,7,0.4987,0.5438
between,features,relieff,10,9,0.5009,0.5456
between,features,relieff,10,11,0.4987,0.5447
between,features,relieff,10,13,0.4970,0.5442
between,features,relieff,10,15,0.4959,0.5424
between,features,relieff,10,17,0.4953,0.5417
between,features,relieff,10,19,0.4958,0.5420
between,features,all,1,1,0.5907,0.6283
between,features,all,1,3,0.6030,0.6377
between,features,all,1,5,0.6017,0.6348
between,features,all,1,7,0.5986,0.6316
between,features,all,1,9,0.5942,0.6270
between,features,all,1,11,0.5971,0.6288
between,features,all,1,13,0.5942,0.6257
between,features,all,1,15,0.5967,0.6288
between,features,all,1,17,0.6003,0.6301
between,features,all,1,19,0.6041,0.6342
between,features,pca,1,1,0.5743,0.6117
between,features,pca,1,3,0.5777,0.6138
between,features,pca,1,5,0.5800,0.6129
between,features,pca,1,7,0.5814,0.6129
between,features,pca,1,9,0.5854,0.6160
between,features,pca,1,11,0.5841,0.6121
between,features,pca,1,13,0.5855,0.6153
between,features,pca,1,15,0.5888,0.6182
between,features,pca,1,17,0.5869,0.6151
between,features,pca,1,19,0.5883,0.6158
between,features,relieff,1,1,0.4668,0.5181
between,features,relieff,1,3,0.4683,0.5177
between,features,relieff,1,5,0.4710,0.5176
between,features,relieff,1,7,0.4672,0.5135
between,features,relieff,1,9,0.4663,0.5124
between,features,relieff,1,11,0.4623,0.5083
between,features,relieff,1,13,0.4662,0.5114
between,features,relieff,1,15,0.4676,0.5129
between,features,relieff,1,17,0.4653,0.5103
between,features,relieff,1,19,0.4731,0.5181
between,features,all,2,1,0.5997,0.6296
between,features,all,2,3,0.5968,0.6261
between,features,all,2,5,0.6011,0.6294
between,features,all,2,7,0.6034,0.6312
between,features,all,2,9,0.6019,0.6283
between,features,all,2,11,0.6014,0.6287
between,features,all,2,13,0.6069,0.6325
between,features,all,2,15,0.6068,0.6344
between,features,all,2,17,0.6058,0.6334
between,features,all,2,19,0.6060,0.6346
between,features,pca,2,1,0.5595,0.5921
between,features,pca,2,3,0.5620,0.5950
between,features,pca,2,5,0.5648,0.5986
between,features,pca,2,7,0.5670,0.5982
between,features,pca,2,9,0.5599,0.5913
between,features,pca,2,11,0.5647,0.5962
between,features,pca,2,13,0.5661,0.5977
between,features,pca,2,15,0.5671,0.5996
between,features,pca,2,17,0.5635,0.5969
between,features,pca,2,19,0.5641,0.5971
between,features,relieff,2,1,0.5281,0.5618
between,features,relieff,2,3,0.5340,0.5661
between,features,relieff,2,5,0.5292,0.5603
between,features,relieff,2,7,0.5314,0.5638
between,features,relieff,2,9,0.5359,0.5661
between,features,relieff,2,11,0.5363,0.5663
between,features,relieff,2,13,0.5367,0.5665
between,features,relieff,2,15,0.5342,0.5659
between,features,relieff,2,17,0.5339,0.5643
between,features,relieff,2,19,0.5363,0.5657
between,features,all,3,1,0.5789,0.6119
between,features,all,3,3,0.5754,0.6088
between,features,all,3,5,0.5794,0.6115
between,features,all,3,7,0.5829,0.6146
between,features,all,3,9,0.5803,0.6119
between,features,all,3,11,0.5781,0.6104
between,features,all,3,13,0.5830,0.6142
between,features,all,3,15,0.5790,0.6104
between,features,all,3,17,0.5850,0.6160
between,features,all,3,19,0.5865,0.6175
between,features,pca,3,1,0.5549,0.5867
between,features,pca,3,3,0.5628,0.5949
between,features,pca,3,5,0.5667,0.5969
between,features,pca,3,7,0.5648,0.5967
between,features,pca,3,9,0.5639,0.5956
between,features,pca,3,11,0.5630,0.5964
between,features,pca,3,13,0.5548,0.5887
between,features,pca,3,15,0.5620,0.5958
between,features,pca,3,17,0.5598,0.5938
between,features,pca,3,19,0.5632,0.5984
between,features,relieff,3,1,0.4976,0.5287
between,features,relieff,3,3,0.4956,0.5276
between,features,relieff,3,5,0.5011,0.5338
between,features,relieff,3,7,0.5024,0.5344
between,features,relieff,3,9,0.5079,0.5389
between,features,relieff,3,11,0.5123,0.5411
between,features,relieff,3,13,0.5170,0.5451
between,features,relieff,3,15,0.5167,0.5444
between,features,relieff,3,17,0.5124,0.5417
between,features,relieff,3,19,0.5157,0.5444
between,features,all,4,1,0.5825,0.6133
between,features,all,4,3,0.5867,0.6161
between,features,all,4,5,0.5886,0.6186
between,features,all,4,7,0.5912,0.6213
between,features,all,4,9,0.5898,0.6195
between,features,all,4,11,0.5940,0.6228
between,features,all,4,13,0.5889,0.6192
between,features,all,4,15,0.5922,0.6213
between,features,all,4,17,0.5919,0.6215
between,features,all,4,19,0.5910,0.6213
between,features,pca,4,1,0.5544,0.5869
between,features,pca,4,3,0.5592,0.5927
between,features,pca,4,5,0.5599,0.5930
between,features,pca,4,7,0.5619,0.5943
between,features,pca,4,9,0.5669,0.6007
between,features,pca,4,11,0.5630,0.5964
between,features,pca,4,13,0.5617,0.5959
between,features,pca,4,15,0.5590,0.5928
between,features,pca,4,17,0.5627,0.5970
between,features,pca,4,19,0.5637,0.5986
between,features,relieff,4,1,0.4967,0.5396
between,features,relieff,4,3,0.5005,0.5435
between,features,relieff,4,5,0.5017,0.5421
between,features,relieff,4,7,0.5037,0.5444
between,features,relieff,4,9,0.4990,0.5410
between,features,relieff,4,11,0.4971,0.5392
between,features,relieff,4,13,0.4965,0.5385
between,features,relieff,4,15,0.4995,0.5425
between,features,relieff,4,17,0.5010,0.5435
between,features,relieff,4,19,0.5009,0.5434
between,features,all,5,1,0.5836,0.6178
between,features,all,5,3,0.5804,0.6167
between,features,all,5,5,0.5816,0.6178
between,features,all,5,7,0.5799,0.6154
between,features,all,5,9,0.5831,0.6186
between,features,all,5,11,0.5823,0.6184
between,features,all,5,13,0.5798,0.6151
between,features,all,5,15,0.5838,0.6186
between,features,all,5,17,0.5797,0.6138
between,features,all,5,19,0.5790,0.6125
between,features,pca,5,1,0.5534,0.5900
between,features,pca,5,3,0.5623,0.5979
between,features,pca,5,5,0.5661,0.5979
between,features,pca,5,7,0.5661,0.6001
between,features,pca,5,9,0.5626,0.5975
between,features,pca,5,11,0.5637,0.5994
between,features,pca,5,13,0.5668,0.6007
between,features,pca,5,15,0.5686,0.6014
between,features,pca,5,17,0.5677,0.6016
between,features,pca,5,19,0.5652,0.5992
between,features,relieff,5,1,0.5332,0.5754
between,features,relieff,5,3,0.5365,0.5768
between,features,relieff,5,5,0.5366,0.5754
between,features,relieff,5,7,0.5441,0.5815
between,features,relieff,5,9,0.5432,0.5798
between,features,relieff,5,11,0.5399,0.5783
between,features,relieff,5,13,0.5440,0.5822
between,features,relieff,5,15,0.5460,0.5842
between,features,relieff,5,17,0.5456,0.5833
between,features,relieff,5,19,0.5462,0.5835
between,features,all,6,1,0.5863,0.6132
between,features,all,6,3,0.5796,0.6090
between,features,all,6,5,0.5795,0.6073
between,features,all,6,7,0.5827,0.6095
between,features,all,6,9,0.5782,0.6071
between,features,all,6,11,0.5815,0.6105
between,features,all,6,13,0.5827,0.6130
between,features,all,6,15,0.5808,0.6129
between,features,all,6,17,0.5787,0.6116
between,features,all,6,19,0.5786,0.6108
between,features,pca,6,1,0.5582,0.5910
between,features,pca,6,3,0.5548,0.5873
between,features,pca,6,5,0.5538,0.5864
between,features,pca,6,7,0.5576,0.5897
between,features,pca,6,9,0.5570,0.5906
between,features,pca,6,11,0.5588,0.5915
between,features,pca,6,13,0.5556,0.5890
between,features,pca,6,15,0.5582,0.5930
between,features,pca,6,17,0.5576,0.5923
between,features,pca,6,19,0.5551,0.5908
between,features,relieff,6,1,0.4803,0.5115
between,features,relieff,6,3,0.4823,0.5146
between,features,relieff,6,5,0.4879,0.5180
between,features,relieff,6,7,0.4889,0.5178
between,features,relieff,6,9,0.4888,0.5167
between,features,relieff,6,11,0.4899,0.5176
between,features,relieff,6,13,0.4955,0.5222
between,features,relieff,6,15,0.4943,0.5206
between,features,relieff,6,17,0.4964,0.5228
between,features,relieff,6,19,0.4935,0.5182
between,features,all,7,1,0.5869,0.6199
between,features,all,7,3,0.5854,0.6187
between,features,all,7,5,0.5813,0.6139
between,features,all,7,7,0.5759,0.6096
between,features,all,7,9,0.5791,0.6124
between,features,all,7,11,0.5772,0.6096
between,features,all,7,13,0.5808,0.6129
between,features,all,7,15,0.5815,0.6142
between,features,all,7,17,0.5817,0.6148
between,features,all,7,19,0.5782,0.6113
between,features,pca,7,1,0.5678,0.5969
between,features,pca,7,3,0.5663,0.5956
between,features,pca,7,5,0.5689,0.5991
between,features,pca,7,7,0.5706,0.6009
between,features,pca,7,9,0.5682,0.5976
between,features,pca,7,11,0.5611,0.5898
between,features,pca,7,13,0.5597,0.5886
between,features,pca,7,15,0.5587,0.5880
between,features,pca,7,17,0.5552,0.5845
between,features,pca,7,19,0.5516,0.5817
between,features,relieff,7,1,0.4509,0.5053
between,features,relieff,7,3,0.4449,0.4977
between,features,relieff,7,5,0.4384,0.4881
between,features,relieff,7,7,0.4393,0.4870
between,features,relieff,7,9,0.4358,0.4835
between,features,relieff,7,11,0.4339,0.4820
between,features,relieff,7,13,0.4366,0.4838
between,features,relieff,7,15,0.4378,0.4838
between,features,relieff,7,17,0.4336,0.4789
between,features,relieff,7,19,0.4365,0.4813
between,features,all,8,1,0.5948,0.6240
between,features,all,8,3,0.5978,0.6266
between,features,all,8,5,0.5967,0.6247
between,features,all,8,7,0.5971,0.6255
between,features,all,8,9,0.5951,0.6240
between,features,all,8,11,0.5956,0.6266
between,features,all,8,13,0.5966,0.6275
between,features,all,8,15,0.5913,0.6247
between,features,all,8,17,0.5910,0.6251
between,features,all,8,19,0.5869,0.6207
between,features,pca,8,1,0.5798,0.6161
between,features,pca,8,3,0.5728,0.6082
between,features,pca,8,5,0.5784,0.6135
between,features,pca,8,7,0.5799,0.6148
between,features,pca,8,9,0.5739,0.6088
between,features,pca,8,11,0.5719,0.6082
between,features,pca,8,13,0.5716,0.6093
between,features,pca,8,15,0.5695,0.6064
between,features,pca,8,17,0.5685,0.6069
between,features,pca,8,19,0.5694,0.6084
between,features,relieff,8,1,0.4673,0.5111
between,features,relieff,8,3,0.4672,0.5096
between,features,relieff,8,5,0.4667,0.5091
between,features,relieff,8,7,0.4670,0.5100
between,features,relieff,8,9,0.4633,0.5050
between,features,relieff,8,11,0.4664,0.5089
between,features,relieff,8,13,0.4705,0.5128
between,features,relieff,8,15,0.4730,0.5155
between,features,relieff,8,17,0.4741,0.5159
between,features,relieff,8,19,0.4743,0.5161
between,features,all,9,1,0.5672,0.5939
between,features,all,9,3,0.5644,0.5919
between,features,all,9,5,0.5647,0.5930
between,features,all,9,7,0.5634,0.5921
between,features,all,9,9,0.5668,0.5946
between,features,all,9,11,0.5722,0.5998
between,features,all,9,13,0.5737,0.6005
between,features,all,9,15,0.5715,0.5996
between,features,all,9,17,0.5718,0.6001
between,features,all,9,19,0.5692,0.5974
between,features,pca,9,1,0.5324,0.5633
between,features,pca,9,3,0.5285,0.5573
between,features,pca,9,5,0.5242,0.5518
between,features,pca,9,7,0.5208,0.5496
between,features,pca,9,9,0.5253,0.5534
between,features,pca,9,11,0.5268,0.5538
between,features,pca,9,13,0.5305,0.5582
between,features,pca,9,15,0.5326,0.5596
between,features,pca,9,17,0.5339,0.5598
between,features,pca,9,19,0.5311,0.5596
between,features,relieff,9,1,0.5273,0.5573
between,features,relieff,9,3,0.5318,0.5622
between,features,relieff,9,5,0.5244,0.5553
between,features,relieff,9,7,0.5319,0.5637
between,features,relieff,9,9,0.5285,0.5606
between,features,relieff,9,11,0.5300,0.5613
between,features,relieff,9,13,0.5389,0.5705
between,features,relieff,9,15,0.5386,0.5697
between,features,relieff,9,17,0.5385,0.5695
between,features,relieff,9,19,0.5332,0.5631
between,features,all,10,1,0.5904,0.6244
between,features,all,10,3,0.5988,0.6301
between,features,all,10,5,0.6051,0.6344
between,features,all,10,7,0.6171,0.6448
between,features,all,10,9,0.6209,0.6496
between,features,all,10,11,0.6153,0.6455
between,features,all,10,13,0.6169,0.6471
between,features,all,10,15,0.6151,0.6450
between,features,all,10,17,0.6249,0.6536
between,features,all,10,19,0.6239,0.6521
between,features,pca,10,1,0.5761,0.6103
between,features,pca,10,3,0.5815,0.6162
between,features,pca,10,5,0.5806,0.6135
between,features,pca,10,7,0.5809,0.6155
between,features,pca,10,9,0.5813,0.6167
between,features,pca,10,11,0.5843,0.6201
between,features,pca,10,13,0.5841,0.6196
between,features,pca,10,15,0.5899,0.6251
between,features,pca,10,17,0.5906,0.6251
between,features,pca,10,19,0.5872,0.6217
between,features,relieff,10,1,0.4960,0.5433
between,features,relieff,10,3,0.4945,0.5395
between,features,relieff,10,5,0.4981,0.5424
between,features,relieff,10,7,0.4987,0.5438
between,features,relieff,10,9,0.5009,0.5456
between,features,relieff,10,11,0.4987,0.5447
between,features,relieff,10,13,0.4970,0.5442
between,features,relieff,10,15,0.4959,0.5424
between,features,relieff,10,17,0.4953,0.5417
between,features,relieff,10,19,0.4958,0.5420
between,features,all,1,1,0.5907,0.6283
between,features,all,1,3,0.6030,0.6377
between,features,all,1,5,0.6017,0.6348
between,features,all,1,7,0.5986,0.6316
between,features,all,1,9,0.5942,0.6270
between,features,all,1,11,0.5971,0.6288
between,features,all,1,13,0.5942,0.6257
between,features,all,1,15,0.5967,0.6288
between,features,all,1,17,0.6003,0.6301
between,features,all,1,19,0.6041,0.6342
between,features,pca,1,1,0.5743,0.6117
between,features,pca,1,3,0.5777,0.6138
between,features,pca,1,5,0.5800,0.6129
between,features,pca,1,7,0.5814,0.6129
between,features,pca,1,9,0.5854,0.6160
between,features,pca,1,11,0.5841,0.6121
between,features,pca,1,13,0.5855,0.6153
between,features,pca,1,15,0.5888,0.6182
between,features,pca,1,17,0.5869,0.6151
between,features,pca,1,19,0.5883,0.6158
between,features,relieff,1,1,0.4668,0.5181
between,features,relieff,1,3,0.4683,0.5177
between,features,relieff,1,5,0.4710,0.5176
between,features,relieff,1,7,0.4672,0.5135
between,features,relieff,1,9,0.4663,0.5124
between,features,relieff,1,11,0.4623,0.5083
between,features,relieff,1,13,0.4662,0.5114
between,features,relieff,1,15,0.4676,0.5129
between,features,relieff,1,17,0.4653,0.5103
between,features,relieff,1,19,0.4731,0.5181
between,features,all,2,1,0.5997,0.6296
between,features,all,2,3,0.5968,0.6261
between,features,all,2,5,0.6011,0.6294
between,features,all,2,7,0.6034,0.6312
between,features,all,2,9,0.6019,0.6283
between,features,all,2,11,0.6014,0.6287
between,features,all,2,13,0.6069,0.6325
between,features,all,2,15,0.6068,0.6344
between,features,all,2,17,0.6058,0.6334
between,features,all,2,19,0.6060,0.6346
between,features,pca,2,1,0.5595,0.5921
between,features,pca,2,3,0.5620,0.5950
between,features,pca,2,5,0.5648,0.5986
between,features,pca,2,7,0.5670,0.5982
between,features,pca,2,9,0.5599,0.5913
between,features,pca,2,11,0.5647,0.5962
between,features,pca,2,13,0.5661,0.5977
between,features,pca,2,15,0.5671,0.5996
between,features,pca,2,17,0.5635,0.5969
between,features,pca,2,19,0.5641,0.5971
between,features,relieff,2,1,0.5281,0.5618
between,features,relieff,2,3,0.5340,0.5661
between,features,relieff,2,5,0.5292,0.5603
between,features,relieff,2,7,0.5314,0.5638
between,features,relieff,2,9,0.5359,0.5661
between,features,relieff,2,11,0.5363,0.5663
between,features,relieff,2,13,0.5367,0.5665
between,features,relieff,2,15,0.5342,0.5659
between,features,relieff,2,17,0.5339,0.5643
between,features,relieff,2,19,0.5363,0.5657
between,features,all,3,1,0.5789,0.6119
between,features,all,3,3,0.5754,0.6088
between,features,all,3,5,0.5794,0.6115
between,features,all,3,7,0.5829,0.6146
between,features,all,3,9,0.5803,0.6119
between,features,all,3,11,0.5781,0.6104
between,features,all,3,13,0.5830,0.6142
between,features,all,3,15,0.5790,0.6104
between,features,all,3,17,0.5850,0.6160
between,features,all,3,19,0.5865,0.6175
between,features,pca,3,1,0.5549,0.5867
between,features,pca,3,3,0.5628,0.5949
between,features,pca,3,5,0.5667,0.5969
between,features,pca,3,7,0.5648,0.5967
between,features,pca,3,9,0.5639,0.5956
between,features,pca,3,11,0.5630,0.5964
between,features,pca,3,13,0.5548,0.5887
between,features,pca,3,15,0.5620,0.5958
between,features,pca,3,17,0.5598,0.5938
between,features,pca,3,19,0.5632,0.5984
between,features,relieff,3,1,0.4976,0.5287
between,features,relieff,3,3,0.4956,0.5276
between,features,relieff,3,5,0.5011,0.5338
between,features,relieff,3,7,0.5024,0.5344
between,features,relieff,3,9,0.5079,0.5389
between,features,relieff,3,11,0.5123,0.5411
between,features,relieff,3,13,0.5170,0.5451
between,features,relieff,3,15,0.5167,0.5444
between,features,relieff,3,17,0.5124,0.5417
between,features,relieff,3,19,0.5157,0.5444
between,features,all,4,1,0.5825,0.6133
between,features,all,4,3,0.5867,0.6161
between,features,all,4,5,0.5886,0.6186
between,features,all,4,7,0.5912,0.6213
between,features,all,4,9,0.5898,0.6195
between,features,all,4,11,0.5940,0.6228
between,features,all,4,13,0.5889,0.6192
between,features,all,4,15,0.5922,0.6213
between,features,all,4,17,0.5919,0.6215
between,features,all,4,19,0.5910,0.6213
between,features,pca,4,1,0.5544,0.5869
between,features,pca,4,3,0.5592,0.5927
between,features,pca,4,5,0.5599,0.5930
between,features,pca,4,7,0.5619,0.5943
between,features,pca,4,9,0.5669,0.6007
between,features,pca,4,11,0.5630,0.5964
between,features,pca,4,13,0.5617,0.5959
between,features,pca,4,15,0.5590,0.5928
between,features,pca,4,17,0.5627,0.5970
between,features,pca,4,19,0.5637,0.5986
between,features,relieff,4,1,0.4967,0.5396
between,features,relieff,4,3,0.5005,0.5435
between,features,relieff,4,5,0.5017,0.5421
between,features,relieff,4,7,0.5037,0.5444
between,features,relieff,4,9,0.4990,0.5410
between,features,relieff,4,11,0.4971,0.5392
between,features,relieff,4,13,0.4965,0.5385
between,features,relieff,4,15,0.4995,0.5425
between,features,relieff,4,17,0.5010,0.5435
between,features,relieff,4,19,0.5009,0.5434
between,features,all,5,1,0.5836,0.6178
between,features,all,5,3,0.5804,0.6167
between,features,all,5,5,0.5816,0.6178
between,features,all,5,7,0.5799,0.6154
between,features,all,5,9,0.5831,0.6186
between,features,all,5,11,0.5823,0.6184
between,features,all,5,13,0.5798,0.6151
between,features,all,5,15,0.5838,0.6186
between,features,all,5,17,0.5797,0.6138
between,features,all,5,19,0.5790,0.6125
between,features,pca,5,1,0.5534,0.5900
between,features,pca,5,3,0.5623,0.5979
between,features,pca,5,5,0.5661,0.5979
between,features,pca,5,7,0.5661,0.6001
between,features,pca,5,9,0.5626,0.5975
between,features,pca,5,11,0.5637,0.5994
between,features,pca,5,13,0.5668,0.6007
between,features,pca,5,15,0.5686,0.6014
between,features,pca,5,17,0.5677,0.6016
between,features,pca,5,19,0.5652,0.5992
between,features,relieff,5,1,0.5332,0.5754
between,features,relieff,5,3,0.5365,0.5768
between,features,relieff,5,5,0.5366,0.5754
between,features,relieff,5,7,0.5441,0.5815
between,features,relieff,5,9,0.5432,0.5798
between,features,relieff,5,11,0.5399,0.5783
between,features,relieff,5,13,0.5440,0.5822
between,features,relieff,5,15,0.5460,0.5842
between,features,relieff,5,17,0.5456,0.5833
between,features,relieff,5,19,0.5462,0.5835
between,features,all,6,1,0.5863,0.6132
between,features,all,6,3,0.5796,0.6090
between,features,all,6,5,0.5795,0.6073
between,features,all,6,7,0.5827,0.6095
between,features,all,6,9,0.5782,0.6071
between,features,all,6,11,0.5815,0.6105
between,features,all,6,13,0.5827,0.6130
between,features,all,6,15,0.5808,0.6129
between,features,all,6,17,0.5787,0.6116
between,features,all,6,19,0.5786,0.6108
between,features,pca,6,1,0.5582,0.5910
between,features,pca,6,3,0.5548,0.5873
between,features,pca,6,5,0.5538,0.5864
between,features,pca,6,7,0.5576,0.5897
between,features,pca,6,9,0.5570,0.5906
between,features,pca,6,11,0.5588,0.5915
between,features,pca,6,13,0.5556,0.5890
between,features,pca,6,15,0.5582,0.5930
between,features,pca,6,17,0.5576,0.5923
between,features,pca,6,19,0.5551,0.5908
between,features,relieff,6,1,0.4803,0.5115
between,features,relieff,6,3,0.4823,0.5146
between,features,relieff,6,5,0.4879,0.5180
between,features,relieff,6,7,0.4889,0.5178
between,features,relieff,6,9,0.4888,0.5167
between,features,relieff,6,11,0.4899,0.5176
between,features,relieff,6,13,0.4955,0.5222
between,features,relieff,6,15,0.4943,0.5206
between,features,relieff,6,17,0.4964,0.5228
between,features,relieff,6,19,0.4935,0.5182
between,features,all,7,1,0.5869,0.6199
between,features,all,7,3,0.5854,0.6187
between,features,all,7,5,0.5813,0.6139
between,features,all,7,7,0.5759,0.6096
between,features,all,7,9,0.5791,0.6124
between,features,all,7,11,0.5772,0.6096
between,features,all,7,13,0.5808,0.6129
between,features,all,7,15,0.5815,0.6142
between,features,all,7,17,0.5817,0.6148
between,features,all,7,19,0.5782,0.6113
between,features,pca,7,1,0.5678,0.5969
between,features,pca,7,3,0.5663,0.5956
between,features,pca,7,5,0.5689,0.5991
between,features,pca,7,7,0.5706,0.6009
between,features,pca,7,9,0.5682,0.5976
between,features,pca,7,11,0.5611,0.5898
between,features,pca,7,13,0.5597,0.5886
between,features,pca,7,15,0.5587,0.5880
between,features,pca,7,17,0.5552,0.5845
between,features,pca,7,19,0.5516,0.5817
between,features,relieff,7,1,0.4509,0.5053
between,features,relieff,7,3,0.4449,0.4977
between,features,relieff,7,5,0.4384,0.4881
between,features,relieff,7,7,0.4393,0.4870
between,features,relieff,7,9,0.4358,0.4835
between,features,relieff,7,11,0.4339,0.4820
between,features,relieff,7,13,0.4366,0.4838
between,features,relieff,7,15,0.4378,0.4838
between,features,relieff,7,17,0.4336,0.4789
between,features,relieff,7,19,0.4365,0.4813
between,features,all,8,1,0.5948,0.6240
between,features,all,8,3,0.5978,0.6266
between,features,all,8,5,0.5967,0.6247
between,features,all,8,7,0.5971,0.6255
between,features,all,8,9,0.5951,0.6240
between,features,all,8,11,0.5956,0.6266
between,features,all,8,13,0.5966,0.6275
between,features,all,8,15,0.5913,0.6247
between,features,all,8,17,0.5910,0.6251
between,features,all,8,19,0.5869,0.6207
between,features,pca,8,1,0.5798,0.6161
between,features,pca,8,3,0.5728,0.6082
between,features,pca,8,5,0.5784,0.6135
between,features,pca,8,7,0.5799,0.6148
between,features,pca,8,9,0.5739,0.6088
between,features,pca,8,11,0.5719,0.6082
between,features,pca,8,13,0.5716,0.6093
between,features,pca,8,15,0.5695,0.6064
between,features,pca,8,17,0.5685,0.6069
between,features,pca,8,19,0.5694,0.6084
between,features,relieff,8,1,0.4673,0.5111
between,features,relieff,8,3,0.4672,0.5096
between,features,relieff,8,5,0.4667,0.5091
between,features,relieff,8,7,0.4670,0.5100
between,features,relieff,8,9,0.4633,0.5050
between,features,relieff,8,11,0.4664,0.5089
between,features,relieff,8,13,0.4705,0.5128
between,features,relieff,8,15,0.4730,0.5155
between,features,relieff,8,17,0.4741,0.5159
between,features,relieff,8,19,0.4743,0.5161
between,features,all,9,1,0.5672,0.5939
between,features,all,9,3,0.5644,0.5919
between,features,all,9,5,0.5647,0.5930
between,features,all,9,7,0.5634,0.5921
between,features,all,9,9,0.5668,0.5946
between,features,all,9,11,0.5722,0.5998
between,features,all,9,13,0.5737,0.6005
between,features,all,9,15,0.5715,0.5996
between,features,all,9,17,0.5718,0.6001
between,features,all,9,19,0.5692,0.5974
between,features,pca,9,1,0.5324,0.5633
between,features,pca,9,3,0.5285,0.5573
between,features,pca,9,5,0.5242,0.5518
between,features,pca,9,7,0.5208,0.5496
between,features,pca,9,9,0.5253,0.5534
between,features,pca,9,11,0.5268,0.5538
between,features,pca,9,13,0.5305,0.5582
between,features,pca,9,15,0.5326,0.5596
between,features,pca,9,17,0.5339,0.5598
between,features,pca,9,19,0.5311,0.5596
between,features,relieff,9,1,0.5273,0.5573
between,features,relieff,9,3,0.5318,0.5622
between,features,relieff,9,5,0.5244,0.5553
between,features,relieff,9,7,0.5319,0.5637
between,features,relieff,9,9,0.5285,0.5606
between,features,relieff,9,11,0.5300,0.5613
between,features,relieff,9,13,0.5389,0.5705
between,features,relieff,9,15,0.5386,0.5697
between,features,relieff,9,17,0.5385,0.5695
between,features,relieff,9,19,0.5332,0.5631
between,features,all,10,1,0.5904,0.6244
between,features,all,10,3,0.5988,0.6301
between,features,all,10,5,0.6051,0.6344
between,features,all,10,7,0.6171,0.6448
between,features,all,10,9,0.6209,0.6496
between,features,all,10,11,0.6153,0.6455
between,features,all,10,13,0.6169,0.6471
between,features,all,10,15,0.6151,0.6450
between,features,all,10,17,0.6249,0.6536
between,features,all,10,19,0.6239,0.6521
between,features,pca,10,1,0.5761,0.6103
between,features,pca,10,3,0.5815,0.6162
between,features,pca,10,5,0.5806,0.6135
between,features,pca,10,7,0.5809,0.6155
between,features,pca,10,9,0.5813,0.6167
between,features,pca,10,11,0.5843,0.6201
between,features,pca,10,13,0.5841,0.6196
between,features,pca,10,15,0.5899,0.6251
between,features,pca,10,17,0.5906,0.6251
between,features,pca,10,19,0.5872,0.6217
between,features,relieff,10,1,0.4960,0.5433
between,features,relieff,10,3,0.4945,0.5395
between,features,relieff,10,5,0.4981,0.5424
between,features,relieff,10,7,0.4987,0.5438
between,features,relieff,10,9,0.5009,0.5456
between,features,relieff,10,11,0.4987,0.5447
between,features,relieff,10,13,0.4970,0.5442
between,features,relieff,10,15,0.4959,0.5424
between,features,relieff,10,17,0.4953,0.5417
between,features,relieff,10,19,0.4958,0.5420
between,embeddings,all,1,1,0.4375,0.4706
between,embeddings,all,1,3,0.4377,0.4713
between,embeddings,all,1,5,0.4304,0.4620
between,embeddings,all,1,7,0.4320,0.4622
between,embeddings,all,1,9,0.4309,0.4602
between,embeddings,all,1,11,0.4291,0.4590
between,embeddings,all,1,13,0.4307,0.4603
between,embeddings,all,1,15,0.4274,0.4564
between,embeddings,all,1,17,0.4279,0.4570
between,embeddings,all,1,19,0.4254,0.4538
between,embeddings,pca,1,1,0.3762,0.4154
between,embeddings,pca,1,3,0.3796,0.4167
between,embeddings,pca,1,5,0.3809,0.4158
between,embeddings,pca,1,7,0.3856,0.4200
between,embeddings,pca,1,9,0.3869,0.4211
between,embeddings,pca,1,11,0.3838,0.4172
between,embeddings,pca,1,13,0.3840,0.4182
between,embeddings,pca,1,15,0.3845,0.4180
between,embeddings,pca,1,17,0.3829,0.4161
between,embeddings,pca,1,19,0.3829,0.4163
between,embeddings,relieff,1,1,0.3535,0.4230
between,embeddings,relieff,1,3,0.3482,0.4120
between,embeddings,relieff,1,5,0.3474,0.4085
between,embeddings,relieff,1,7,0.3400,0.4000
between,embeddings,relieff,1,9,0.3345,0.3940
between,embeddings,relieff,1,11,0.3309,0.3892
between,embeddings,relieff,1,13,0.3288,0.3862
between,embeddings,relieff,1,15,0.3275,0.3834
between,embeddings,relieff,1,17,0.3304,0.3857
between,embeddings,relieff,1,19,0.3290,0.3836
between,embeddings,all,2,1,0.4384,0.4756
between,embeddings,all,2,3,0.4330,0.4698
between,embeddings,all,2,5,0.4243,0.4606
between,embeddings,all,2,7,0.4216,0.4583
between,embeddings,all,2,9,0.4204,0.4561
between,embeddings,all,2,11,0.4169,0.4528
between,embeddings,all,2,13,0.4163,0.4523
between,embeddings,all,2,15,0.4186,0.4545
between,embeddings,all,2,17,0.4172,0.4521
between,embeddings,all,2,19,0.4164,0.4518
between,embeddings,pca,2,1,0.4028,0.4404
between,embeddings,pca,2,3,0.4035,0.4406
between,embeddings,pca,2,5,0.4025,0.4395
between,embeddings,pca,2,7,0.4005,0.4377
between,embeddings,pca,2,9,0.3983,0.4352
between,embeddings,pca,2,11,0.4044,0.4402
between,embeddings,pca,2,13,0.4014,0.4368
between,embeddings,pca,2,15,0.3957,0.4323
between,embeddings,pca,2,17,0.3950,0.4310
between,embeddings,pca,2,19,0.3976,0.4323
between,embeddings,relieff,2,1,0.3883,0.4454
between,embeddings,relieff,2,3,0.3875,0.4449
between,embeddings,relieff,2,5,0.3819,0.4388
between,embeddings,relieff,2,7,0.3813,0.4372
between,embeddings,relieff,2,9,0.3784,0.4350
between,embeddings,relieff,2,11,0.3810,0.4370
between,embeddings,relieff,2,13,0.3812,0.4366
between,embeddings,relieff,2,15,0.3832,0.4388
between,embeddings,relieff,2,17,0.3805,0.4353
between,embeddings,relieff,2,19,0.3777,0.4328
between,embeddings,all,3,1,0.4481,0.4848
between,embeddings,all,3,3,0.4468,0.4822
between,embeddings,all,3,5,0.4460,0.4802
between,embeddings,all,3,7,0.4439,0.4780
between,embeddings,all,3,9,0.4382,0.4718
between,embeddings,all,3,11,0.4401,0.4737
between,embeddings,all,3,13,0.4381,0.4722
between,embeddings,all,3,15,0.4393,0.4729
between,embeddings,all,3,17,0.4344,0.4689
between,embeddings,all,3,19,0.4323,0.4667
between,embeddings,pca,3,1,0.3917,0.4319
between,embeddings,pca,3,3,0.3914,0.4294
between,embeddings,pca,3,5,0.3901,0.4294
between,embeddings,pca,3,7,0.3930,0.4317
between,embeddings,pca,3,9,0.4008,0.4397
between,embeddings,pca,3,11,0.4031,0.4427
between,embeddings,pca,3,13,0.4030,0.4418
between,embeddings,pca,3,15,0.4056,0.4438
between,embeddings,pca,3,17,0.4044,0.4428
between,embeddings,pca,3,19,0.4103,0.4483
between,embeddings,relieff,3,1,0.4232,0.4755
between,embeddings,relieff,3,3,0.4268,0.4788
between,embeddings,relieff,3,5,0.4296,0.4826
between,embeddings,relieff,3,7,0.4330,0.4842
between,embeddings,relieff,3,9,0.4338,0.4848
between,embeddings,relieff,3,11,0.4322,0.4842
between,embeddings,relieff,3,13,0.4369,0.4884
between,embeddings,relieff,3,15,0.4396,0.4915
between,embeddings,relieff,3,17,0.4464,0.4979
between,embeddings,relieff,3,19,0.4473,0.5005
between,embeddings,all,4,1,0.4385,0.4735
between,embeddings,all,4,3,0.4260,0.4591
between,embeddings,all,4,5,0.4267,0.4608
between,embeddings,all,4,7,0.4249,0.4593
between,embeddings,all,4,9,0.4198,0.4545
between,embeddings,all,4,11,0.4217,0.4563
between,embeddings,all,4,13,0.4151,0.4504
between,embeddings,all,4,15,0.4160,0.4511
between,embeddings,all,4,17,0.4153,0.4513
between,embeddings,all,4,19,0.4157,0.4518
between,embeddings,pca,4,1,0.3919,0.4297
between,embeddings,pca,4,3,0.3884,0.4258
between,embeddings,pca,4,5,0.3968,0.4335
between,embeddings,pca,4,7,0.3951,0.4314
between,embeddings,pca,4,9,0.3952,0.4315
between,embeddings,pca,4,11,0.3957,0.4321
between,embeddings,pca,4,13,0.3948,0.4308
between,embeddings,pca,4,15,0.3959,0.4319
between,embeddings,pca,4,17,0.3968,0.4335
between,embeddings,pca,4,19,0.3943,0.4306
between,embeddings,relieff,4,1,0.4060,0.4600
between,embeddings,relieff,4,3,0.4134,0.4665
between,embeddings,relieff,4,5,0.4085,0.4604
between,embeddings,relieff,4,7,0.4102,0.4620
between,embeddings,relieff,4,9,0.4140,0.4652
between,embeddings,relieff,4,11,0.4111,0.4624
between,embeddings,relieff,4,13,0.4104,0.4606
between,embeddings,relieff,4,15,0.4116,0.4631
between,embeddings,relieff,4,17,0.4122,0.4640
between,embeddings,relieff,4,19,0.4126,0.4640
between,embeddings,all,5,1,0.4427,0.4812
between,embeddings,all,5,3,0.4352,0.4717
between,embeddings,all,5,5,0.4216,0.4555
between,embeddings,all,5,7,0.4230,0.4547
between,embeddings,all,5,9,0.4288,0.4584
between,embeddings,all,5,11,0.4251,0.4549
between,embeddings,all,5,13,0.4220,0.4520
between,embeddings,all,5,15,0.4242,0.4538
between,embeddings,all,5,17,0.4208,0.4501
between,embeddings,all,5,19,0.4174,0.4472
between,embeddings,pca,5,1,0.3748,0.4202
between,embeddings,pca,5,3,0.3708,0.4119
between,embeddings,pca,5,5,0.3752,0.4145
between,embeddings,pca,5,7,0.3808,0.4187
between,embeddings,pca,5,9,0.3822,0.4178
between,embeddings,pca,5,11,0.3863,0.4217
between,embeddings,pca,5,13,0.3869,0.4222
between,embeddings,pca,5,15,0.3871,0.4222
between,embeddings,pca,5,17,0.3871,0.4215
between,embeddings,pca,5,19,0.3856,0.4195
between,embeddings,relieff,5,1,0.3618,0.4346
between,embeddings,relieff,5,3,0.3566,0.4261
between,embeddings,relieff,5,5,0.3581,0.4256
between,embeddings,relieff,5,7,0.3556,0.4228
between,embeddings,relieff,5,9,0.3595,0.4254
between,embeddings,relieff,5,11,0.3593,0.4245
between,embeddings,relieff,5,13,0.3575,0.4221
between,embeddings,relieff,5,15,0.3599,0.4233
between,embeddings,relieff,5,17,0.3581,0.4217
between,embeddings,relieff,5,19,0.3563,0.4193
between,embeddings,all,6,1,0.4496,0.4878
between,embeddings,all,6,3,0.4533,0.4872
between,embeddings,all,6,5,0.4556,0.4876
between,embeddings,all,6,7,0.4537,0.4857
between,embeddings,all,6,9,0.4498,0.4828
between,embeddings,all,6,11,0.4511,0.4844
between,embeddings,all,6,13,0.4503,0.4833
between,embeddings,all,6,15,0.4491,0.4830
between,embeddings,all,6,17,0.4488,0.4828
between,embeddings,all,6,19,0.4478,0.4807
between,embeddings,pca,6,1,0.4193,0.4618
between,embeddings,pca,6,3,0.4217,0.4622
between,embeddings,pca,6,5,0.4240,0.4611
between,embeddings,pca,6,7,0.4216,0.4583
between,embeddings,pca,6,9,0.4250,0.4618
between,embeddings,pca,6,11,0.4229,0.4589
between,embeddings,pca,6,13,0.4256,0.4600
between,embeddings,pca,6,15,0.4255,0.4598
between,embeddings,pca,6,17,0.4257,0.4590
between,embeddings,pca,6,19,0.4298,0.4626
between,embeddings,relieff,6,1,0.4093,0.4663
between,embeddings,relieff,6,3,0.4107,0.4635
between,embeddings,relieff,6,5,0.4144,0.4659
between,embeddings,relieff,6,7,0.4138,0.4652
between,embeddings,relieff,6,9,0.4141,0.4653
between,embeddings,relieff,6,11,0.4143,0.4650
between,embeddings,relieff,6,13,0.4136,0.4642
between,embeddings,relieff,6,15,0.4130,0.4644
between,embeddings,relieff,6,17,0.4163,0.4668
between,embeddings,relieff,6,19,0.4159,0.4663
between,embeddings,all,7,1,0.4314,0.4645
between,embeddings,all,7,3,0.4317,0.4648
between,embeddings,all,7,5,0.4314,0.4659
between,embeddings,all,7,7,0.4278,0.4617
between,embeddings,all,7,9,0.4282,0.4617
between,embeddings,all,7,11,0.4268,0.4602
between,embeddings,all,7,13,0.4273,0.4604
between,embeddings,all,7,15,0.4238,0.4556
between,embeddings,all,7,17,0.4235,0.4556
between,embeddings,all,7,19,0.4224,0.4545
between,embeddings,pca,7,1,0.3761,0.4142
between,embeddings,pca,7,3,0.3763,0.4159
between,embeddings,pca,7,5,0.3820,0.4207
between,embeddings,pca,7,7,0.3834,0.4209
between,embeddings,pca,7,9,0.3850,0.4220
between,embeddings,pca,7,11,0.3805,0.4168
between,embeddings,pca,7,13,0.3803,0.4168
between,embeddings,pca,7,15,0.3794,0.4161
between,embeddings,pca,7,17,0.3776,0.4144
between,embeddings,pca,7,19,0.3777,0.4137
between,embeddings,relieff,7,1,0.3657,0.4321
between,embeddings,relieff,7,3,0.3673,0.4301
between,embeddings,relieff,7,5,0.3650,0.4277
between,embeddings,relieff,7,7,0.3667,0.4294
between,embeddings,relieff,7,9,0.3660,0.4277
between,embeddings,relieff,7,11,0.3710,0.4321
between,embeddings,relieff,7,13,0.3717,0.4323
between,embeddings,relieff,7,15,0.3766,0.4367
between,embeddings,relieff,7,17,0.3739,0.4345
between,embeddings,relieff,7,19,0.3738,0.4345
between,embeddings,all,8,1,0.4323,0.4652
between,embeddings,all,8,3,0.4288,0.4628
between,embeddings,all,8,5,0.4286,0.4614
between,embeddings,all,8,7,0.4283,0.4590
between,embeddings,all,8,9,0.4218,0.4518
between,embeddings,all,8,11,0.4228,0.4520
between,embeddings,all,8,13,0.4172,0.4456
between,embeddings,all,8,15,0.4186,0.4470
between,embeddings,all,8,17,0.4179,0.4459
between,embeddings,all,8,19,0.4173,0.4457
between,embeddings,pca,8,1,0.3858,0.4217
between,embeddings,pca,8,3,0.3827,0.4171
between,embeddings,pca,8,5,0.3854,0.4164
between,embeddings,pca,8,7,0.3896,0.4208
between,embeddings,pca,8,9,0.3853,0.4162
between,embeddings,pca,8,11,0.3855,0.4153
between,embeddings,pca,8,13,0.3861,0.4153
between,embeddings,pca,8,15,0.3869,0.4153
between,embeddings,pca,8,17,0.3839,0.4120
between,embeddings,pca,8,19,0.3835,0.4116
between,embeddings,relieff,8,1,0.3864,0.4498
between,embeddings,relieff,8,3,0.3871,0.4491
between,embeddings,relieff,8,5,0.3903,0.4538
between,embeddings,relieff,8,7,0.3928,0.4560
between,embeddings,relieff,8,9,0.3909,0.4529
between,embeddings,relieff,8,11,0.3890,0.4502
between,embeddings,relieff,8,13,0.3860,0.4463
between,embeddings,relieff,8,15,0.3870,0.4481
between,embeddings,relieff,8,17,0.3872,0.4481
between,embeddings,relieff,8,19,0.3874,0.4483
between,embeddings,all,9,1,0.4353,0.4651
between,embeddings,all,9,3,0.4453,0.4728
between,embeddings,all,9,5,0.4453,0.4719
between,embeddings,all,9,7,0.4484,0.4726
between,embeddings,all,9,9,0.4534,0.4772
between,embeddings,all,9,11,0.4455,0.4693
between,embeddings,all,9,13,0.4511,0.4743
between,embeddings,all,9,15,0.4500,0.4733
between,embeddings,all,9,17,0.4495,0.4732
between,embeddings,all,9,19,0.4518,0.4741
between,embeddings,pca,9,1,0.3987,0.4343
between,embeddings,pca,9,3,0.4052,0.4371
between,embeddings,pca,9,5,0.4067,0.4358
between,embeddings,pca,9,7,0.4105,0.4382
between,embeddings,pca,9,9,0.4134,0.4400
between,embeddings,pca,9,11,0.4174,0.4424
between,embeddings,pca,9,13,0.4145,0.4393
between,embeddings,pca,9,15,0.4134,0.4372
between,embeddings,pca,9,17,0.4166,0.4405
between,embeddings,pca,9,19,0.4149,0.4382
between,embeddings,relieff,9,1,0.4115,0.4556
between,embeddings,relieff,9,3,0.4092,0.4495
between,embeddings,relieff,9,5,0.4120,0.4495
between,embeddings,relieff,9,7,0.4087,0.4446
between,embeddings,relieff,9,9,0.4131,0.4495
between,embeddings,relieff,9,11,0.4147,0.4508
between,embeddings,relieff,9,13,0.4121,0.4484
between,embeddings,relieff,9,15,0.4129,0.4491
between,embeddings,relieff,9,17,0.4169,0.4532
between,embeddings,relieff,9,19,0.4156,0.4512
between,embeddings,all,10,1,0.4526,0.4846
between,embeddings,all,10,3,0.4500,0.4784
between,embeddings,all,10,5,0.4527,0.4809
between,embeddings,all,10,7,0.4448,0.4730
between,embeddings,all,10,9,0.4440,0.4719
between,embeddings,all,10,11,0.4462,0.4757
between,embeddings,all,10,13,0.4472,0.4757
between,embeddings,all,10,15,0.4475,0.4755
between,embeddings,all,10,17,0.4479,0.4757
between,embeddings,all,10,19,0.4495,0.4787
between,embeddings,pca,10,1,0.4021,0.4424
between,embeddings,pca,10,3,0.4018,0.4428
between,embeddings,pca,10,5,0.3982,0.4380
between,embeddings,pca,10,7,0.4017,0.4407
between,embeddings,pca,10,9,0.4021,0.4398
between,embeddings,pca,10,11,0.3981,0.4373
between,embeddings,pca,10,13,0.4030,0.4412
between,embeddings,pca,10,15,0.4063,0.4442
between,embeddings,pca,10,17,0.4066,0.4449
between,embeddings,pca,10,19,0.4051,0.4437
between,embeddings,relieff,10,1,0.4055,0.4628
between,embeddings,relieff,10,3,0.3988,0.4526
between,embeddings,relieff,10,5,0.3988,0.4530
between,embeddings,relieff,10,7,0.4005,0.4560
between,embeddings,relieff,10,9,0.4021,0.4564
between,embeddings,relieff,10,11,0.4048,0.4601
between,embeddings,relieff,10,13,0.4067,0.4639
between,embeddings,relieff,10,15,0.4088,0.4646
between,embeddings,relieff,10,17,0.4101,0.4675
between,embeddings,relieff,10,19,0.4126,0.4710
between,embeddings,all,1,1,0.4375,0.4706
between,embeddings,all,1,3,0.4377,0.4713
between,embeddings,all,1,5,0.4304,0.4620
between,embeddings,all,1,7,0.4320,0.4622
between,embeddings,all,1,9,0.4309,0.4602
between,embeddings,all,1,11,0.4291,0.4590
between,embeddings,all,1,13,0.4307,0.4603
between,embeddings,all,1,15,0.4274,0.4564
between,embeddings,all,1,17,0.4279,0.4570
between,embeddings,all,1,19,0.4254,0.4538
between,embeddings,pca,1,1,0.3762,0.4154
between,embeddings,pca,1,3,0.3796,0.4167
between,embeddings,pca,1,5,0.3809,0.4158
between,embeddings,pca,1,7,0.3856,0.4200
between,embeddings,pca,1,9,0.3869,0.4211
between,embeddings,pca,1,11,0.3838,0.4172
between,embeddings,pca,1,13,0.3840,0.4182
between,embeddings,pca,1,15,0.3845,0.4180
between,embeddings,pca,1,17,0.3829,0.4161
between,embeddings,pca,1,19,0.3829,0.4163
between,embeddings,relieff,1,1,0.3535,0.4230
between,embeddings,relieff,1,3,0.3482,0.4120
between,embeddings,relieff,1,5,0.3474,0.4085
between,embeddings,relieff,1,7,0.3400,0.4000
between,embeddings,relieff,1,9,0.3345,0.3940
between,embeddings,relieff,1,11,0.3309,0.3892
between,embeddings,relieff,1,13,0.3288,0.3862
between,embeddings,relieff,1,15,0.3275,0.3834
between,embeddings,relieff,1,17,0.3304,0.3857
between,embeddings,relieff,1,19,0.3290,0.3836
between,embeddings,all,2,1,0.4384,0.4756
between,embeddings,all,2,3,0.4330,0.4698
between,embeddings,all,2,5,0.4243,0.4606
between,embeddings,all,2,7,0.4216,0.4583
between,embeddings,all,2,9,0.4204,0.4561
between,embeddings,all,2,11,0.4169,0.4528
between,embeddings,all,2,13,0.4163,0.4523
between,embeddings,all,2,15,0.4186,0.4545
between,embeddings,all,2,17,0.4172,0.4521
between,embeddings,all,2,19,0.4164,0.4518
between,embeddings,pca,2,1,0.4028,0.4404
between,embeddings,pca,2,3,0.4035,0.4406
between,embeddings,pca,2,5,0.4025,0.4395
between,embeddings,pca,2,7,0.4005,0.4377
between,embeddings,pca,2,9,0.3983,0.4352
between,embeddings,pca,2,11,0.4044,0.4402
between,embeddings,pca,2,13,0.4014,0.4368
between,embeddings,pca,2,15,0.3957,0.4323
between,embeddings,pca,2,17,0.3950,0.4310
between,embeddings,pca,2,19,0.3976,0.4323
between,embeddings,relieff,2,1,0.3883,0.4454
between,embeddings,relieff,2,3,0.3875,0.4449
between,embeddings,relieff,2,5,0.3819,0.4388
between,embeddings,relieff,2,7,0.3813,0.4372
between,embeddings,relieff,2,9,0.3784,0.4350
between,embeddings,relieff,2,11,0.3810,0.4370
between,embeddings,relieff,2,13,0.3812,0.4366
between,embeddings,relieff,2,15,0.3832,0.4388
between,embeddings,relieff,2,17,0.3805,0.4353
between,embeddings,relieff,2,19,0.3777,0.4328
between,embeddings,all,3,1,0.4481,0.4848
between,embeddings,all,3,3,0.4468,0.4822
between,embeddings,all,3,5,0.4460,0.4802
between,embeddings,all,3,7,0.4439,0.4780
between,embeddings,all,3,9,0.4382,0.4718
between,embeddings,all,3,11,0.4401,0.4737
between,embeddings,all,3,13,0.4381,0.4722
between,embeddings,all,3,15,0.4393,0.4729
between,embeddings,all,3,17,0.4344,0.4689
between,embeddings,all,3,19,0.4323,0.4667
between,embeddings,pca,3,1,0.3917,0.4319
between,embeddings,pca,3,3,0.3914,0.4294
between,embeddings,pca,3,5,0.3901,0.4294
between,embeddings,pca,3,7,0.3930,0.4317
between,embeddings,pca,3,9,0.4008,0.4397
between,embeddings,pca,3,11,0.4031,0.4427
between,embeddings,pca,3,13,0.4030,0.4418
between,embeddings,pca,3,15,0.4056,0.4438
between,embeddings,pca,3,17,0.4044,0.4428
between,embeddings,pca,3,19,0.4103,0.4483
between,embeddings,relieff,3,1,0.4232,0.4755
between,embeddings,relieff,3,3,0.4268,0.4788
between,embeddings,relieff,3,5,0.4296,0.4826
between,embeddings,relieff,3,7,0.4330,0.4842
between,embeddings,relieff,3,9,0.4338,0.4848
between,embeddings,relieff,3,11,0.4322,0.4842
between,embeddings,relieff,3,13,0.4369,0.4884
between,embeddings,relieff,3,15,0.4396,0.4915
between,embeddings,relieff,3,17,0.4464,0.4979
between,embeddings,relieff,3,19,0.4473,0.5005
between,embeddings,all,4,1,0.4385,0.4735
between,embeddings,all,4,3,0.4260,0.4591
between,embeddings,all,4,5,0.4267,0.4608
between,embeddings,all,4,7,0.4249,0.4593
between,embeddings,all,4,9,0.4198,0.4545
between,embeddings,all,4,11,0.4217,0.4563
between,embeddings,all,4,13,0.4151,0.4504
between,embeddings,all,4,15,0.4160,0.4511
between,embeddings,all,4,17,0.4153,0.4513
between,embeddings,all,4,19,0.4157,0.4518
between,embeddings,pca,4,1,0.3919,0.4297
between,embeddings,pca,4,3,0.3884,0.4258
between,embeddings,pca,4,5,0.3968,0.4335
between,embeddings,pca,4,7,0.3951,0.4314
between,embeddings,pca,4,9,0.3952,0.4315
between,embeddings,pca,4,11,0.3957,0.4321
between,embeddings,pca,4,13,0.3948,0.4308
between,embeddings,pca,4,15,0.3959,0.4319
between,embeddings,pca,4,17,0.3968,0.4335
between,embeddings,pca,4,19,0.3943,0.4306
between,embeddings,relieff,4,1,0.4060,0.4600
between,embeddings,relieff,4,3,0.4134,0.4665
between,embeddings,relieff,4,5,0.4085,0.4604
between,embeddings,relieff,4,7,0.4102,0.4620
between,embeddings,relieff,4,9,0.4140,0.4652
between,embeddings,relieff,4,11,0.4111,0.4624
between,embeddings,relieff,4,13,0.4104,0.4606
between,embeddings,relieff,4,15,0.4116,0.4631
between,embeddings,relieff,4,17,0.4122,0.4640
between,embeddings,relieff,4,19,0.4126,0.4640
between,embeddings,all,5,1,0.4427,0.4812
between,embeddings,all,5,3,0.4352,0.4717
between,embeddings,all,5,5,0.4216,0.4555
between,embeddings,all,5,7,0.4230,0.4547
between,embeddings,all,5,9,0.4288,0.4584
between,embeddings,all,5,11,0.4251,0.4549
between,embeddings,all,5,13,0.4220,0.4520
between,embeddings,all,5,15,0.4242,0.4538
between,embeddings,all,5,17,0.4208,0.4501
between,embeddings,all,5,19,0.4174,0.4472
between,embeddings,pca,5,1,0.3748,0.4202
between,embeddings,pca,5,3,0.3708,0.4119
between,embeddings,pca,5,5,0.3752,0.4145
between,embeddings,pca,5,7,0.3808,0.4187
between,embeddings,pca,5,9,0.3822,0.4178
between,embeddings,pca,5,11,0.3863,0.4217
between,embeddings,pca,5,13,0.3869,0.4222
between,embeddings,pca,5,15,0.3871,0.4222
between,embeddings,pca,5,17,0.3871,0.4215
between,embeddings,pca,5,19,0.3856,0.4195
between,embeddings,relieff,5,1,0.3618,0.4346
between,embeddings,relieff,5,3,0.3566,0.4261
between,embeddings,relieff,5,5,0.3581,0.4256
between,embeddings,relieff,5,7,0.3556,0.4228
between,embeddings,relieff,5,9,0.3595,0.4254
between,embeddings,relieff,5,11,0.3593,0.4245
between,embeddings,relieff,5,13,0.3575,0.4221
between,embeddings,relieff,5,15,0.3599,0.4233
between,embeddings,relieff,5,17,0.3581,0.4217
between,embeddings,relieff,5,19,0.3563,0.4193
between,embeddings,all,6,1,0.4496,0.4878
between,embeddings,all,6,3,0.4533,0.4872
between,embeddings,all,6,5,0.4556,0.4876
between,embeddings,all,6,7,0.4537,0.4857
between,embeddings,all,6,9,0.4498,0.4828
between,embeddings,all,6,11,0.4511,0.4844
between,embeddings,all,6,13,0.4503,0.4833
between,embeddings,all,6,15,0.4491,0.4830
between,embeddings,all,6,17,0.4488,0.4828
between,embeddings,all,6,19,0.4478,0.4807
between,embeddings,pca,6,1,0.4193,0.4618
between,embeddings,pca,6,3,0.4217,0.4622
between,embeddings,pca,6,5,0.4240,0.4611
between,embeddings,pca,6,7,0.4216,0.4583
between,embeddings,pca,6,9,0.4250,0.4618
between,embeddings,pca,6,11,0.4229,0.4589
between,embeddings,pca,6,13,0.4256,0.4600
between,embeddings,pca,6,15,0.4255,0.4598
between,embeddings,pca,6,17,0.4257,0.4590
between,embeddings,pca,6,19,0.4298,0.4626
between,embeddings,relieff,6,1,0.4093,0.4663
between,embeddings,relieff,6,3,0.4107,0.4635
between,embeddings,relieff,6,5,0.4144,0.4659
between,embeddings,relieff,6,7,0.4138,0.4652
between,embeddings,relieff,6,9,0.4141,0.4653
between,embeddings,relieff,6,11,0.4143,0.4650
between,embeddings,relieff,6,13,0.4136,0.4642
between,embeddings,relieff,6,15,0.4130,0.4644
between,embeddings,relieff,6,17,0.4163,0.4668
between,embeddings,relieff,6,19,0.4159,0.4663
between,embeddings,all,7,1,0.4314,0.4645
between,embeddings,all,7,3,0.4317,0.4648
between,embeddings,all,7,5,0.4314,0.4659
between,embeddings,all,7,7,0.4278,0.4617
between,embeddings,all,7,9,0.4282,0.4617
between,embeddings,all,7,11,0.4268,0.4602
between,embeddings,all,7,13,0.4273,0.4604
between,embeddings,all,7,15,0.4238,0.4556
between,embeddings,all,7,17,0.4235,0.4556
between,embeddings,all,7,19,0.4224,0.4545
between,embeddings,pca,7,1,0.3761,0.4142
between,embeddings,pca,7,3,0.3763,0.4159
between,embeddings,pca,7,5,0.3820,0.4207
between,embeddings,pca,7,7,0.3834,0.4209
between,embeddings,pca,7,9,0.3850,0.4220
between,embeddings,pca,7,11,0.3805,0.4168
between,embeddings,pca,7,13,0.3803,0.4168
between,embeddings,pca,7,15,0.3794,0.4161
between,embeddings,pca,7,17,0.3776,0.4144
between,embeddings,pca,7,19,0.3777,0.4137
between,embeddings,relieff,7,1,0.3657,0.4321
between,embeddings,relieff,7,3,0.3673,0.4301
between,embeddings,relieff,7,5,0.3650,0.4277
between,embeddings,relieff,7,7,0.3667,0.4294
between,embeddings,relieff,7,9,0.3660,0.4277
between,embeddings,relieff,7,11,0.3710,0.4321
between,embeddings,relieff,7,13,0.3717,0.4323
between,embeddings,relieff,7,15,0.3766,0.4367
between,embeddings,relieff,7,17,0.3739,0.4345
between,embeddings,relieff,7,19,0.3738,0.4345
between,embeddings,all,8,1,0.4323,0.4652
between,embeddings,all,8,3,0.4288,0.4628
between,embeddings,all,8,5,0.4286,0.4614
between,embeddings,all,8,7,0.4283,0.4590
between,embeddings,all,8,9,0.4218,0.4518
between,embeddings,all,8,11,0.4228,0.4520
between,embeddings,all,8,13,0.4172,0.4456
between,embeddings,all,8,15,0.4186,0.4470
between,embeddings,all,8,17,0.4179,0.4459
between,embeddings,all,8,19,0.4173,0.4457
between,embeddings,pca,8,1,0.3858,0.4217
between,embeddings,pca,8,3,0.3827,0.4171
between,embeddings,pca,8,5,0.3854,0.4164
between,embeddings,pca,8,7,0.3896,0.4208
between,embeddings,pca,8,9,0.3853,0.4162
between,embeddings,pca,8,11,0.3855,0.4153
between,embeddings,pca,8,13,0.3861,0.4153
between,embeddings,pca,8,15,0.3869,0.4153
between,embeddings,pca,8,17,0.3839,0.4120
between,embeddings,pca,8,19,0.3835,0.4116
between,embeddings,relieff,8,1,0.3864,0.4498
between,embeddings,relieff,8,3,0.3871,0.4491
between,embeddings,relieff,8,5,0.3903,0.4538
between,embeddings,relieff,8,7,0.3928,0.4560
between,embeddings,relieff,8,9,0.3909,0.4529
between,embeddings,relieff,8,11,0.3890,0.4502
between,embeddings,relieff,8,13,0.3860,0.4463
between,embeddings,relieff,8,15,0.3870,0.4481
between,embeddings,relieff,8,17,0.3872,0.4481
between,embeddings,relieff,8,19,0.3874,0.4483
between,embeddings,all,9,1,0.4353,0.4651
between,embeddings,all,9,3,0.4453,0.4728
between,embeddings,all,9,5,0.4453,0.4719
between,embeddings,all,9,7,0.4484,0.4726
between,embeddings,all,9,9,0.4534,0.4772
between,embeddings,all,9,11,0.4455,0.4693
between,embeddings,all,9,13,0.4511,0.4743
between,embeddings,all,9,15,0.4500,0.4733
between,embeddings,all,9,17,0.4495,0.4732
between,embeddings,all,9,19,0.4518,0.4741
between,embeddings,pca,9,1,0.3987,0.4343
between,embeddings,pca,9,3,0.4052,0.4371
between,embeddings,pca,9,5,0.4067,0.4358
between,embeddings,pca,9,7,0.4105,0.4382
between,embeddings,pca,9,9,0.4134,0.4400
between,embeddings,pca,9,11,0.4174,0.4424
between,embeddings,pca,9,13,0.4145,0.4393
between,embeddings,pca,9,15,0.4134,0.4372
between,embeddings,pca,9,17,0.4166,0.4405
between,embeddings,pca,9,19,0.4149,0.4382
between,embeddings,relieff,9,1,0.4115,0.4556
between,embeddings,relieff,9,3,0.4092,0.4495
between,embeddings,relieff,9,5,0.4120,0.4495
between,embeddings,relieff,9,7,0.4087,0.4446
between,embeddings,relieff,9,9,0.4131,0.4495
between,embeddings,relieff,9,11,0.4147,0.4508
between,embeddings,relieff,9,13,0.4121,0.4484
between,embeddings,relieff,9,15,0.4129,0.4491
between,embeddings,relieff,9,17,0.4169,0.4532
between,embeddings,relieff,9,19,0.4156,0.4512
between,embeddings,all,10,1,0.4526,0.4846
between,embeddings,all,10,3,0.4500,0.4784
between,embeddings,all,10,5,0.4527,0.4809
between,embeddings,all,10,7,0.4448,0.4730
between,embeddings,all,10,9,0.4440,0.4719
between,embeddings,all,10,11,0.4462,0.4757
between,embeddings,all,10,13,0.4472,0.4757
between,embeddings,all,10,15,0.4475,0.4755
between,embeddings,all,10,17,0.4479,0.4757
between,embeddings,all,10,19,0.4495,0.4787
between,embeddings,pca,10,1,0.4021,0.4424
between,embeddings,pca,10,3,0.4018,0.4428
between,embeddings,pca,10,5,0.3982,0.4380
between,embeddings,pca,10,7,0.4017,0.4407
between,embeddings,pca,10,9,0.4021,0.4398
between,embeddings,pca,10,11,0.3981,0.4373
between,embeddings,pca,10,13,0.4030,0.4412
between,embeddings,pca,10,15,0.4063,0.4442
between,embeddings,pca,10,17,0.4066,0.4449
between,embeddings,pca,10,19,0.4051,0.4437
between,embeddings,relieff,10,1,0.4055,0.4628
between,embeddings,relieff,10,3,0.3988,0.4526
between,embeddings,relieff,10,5,0.3988,0.4530
between,embeddings,relieff,10,7,0.4005,0.4560
between,embeddings,relieff,10,9,0.4021,0.4564
between,embeddings,relieff,10,11,0.4048,0.4601
between,embeddings,relieff,10,13,0.4067,0.4639
between,embeddings,relieff,10,15,0.4088,0.4646
between,embeddings,relieff,10,17,0.4101,0.4675
between,embeddings,relieff,10,19,0.4126,0.4710
between,embeddings,all,1,1,0.4375,0.4706
between,embeddings,all,1,3,0.4377,0.4713
between,embeddings,all,1,5,0.4304,0.4620
between,embeddings,all,1,7,0.4320,0.4622
between,embeddings,all,1,9,0.4309,0.4602
between,embeddings,all,1,11,0.4291,0.4590
between,embeddings,all,1,13,0.4307,0.4603
between,embeddings,all,1,15,0.4274,0.4564
between,embeddings,all,1,17,0.4279,0.4570
between,embeddings,all,1,19,0.4254,0.4538
between,embeddings,pca,1,1,0.3762,0.4154
between,embeddings,pca,1,3,0.3796,0.4167
between,embeddings,pca,1,5,0.3809,0.4158
between,embeddings,pca,1,7,0.3856,0.4200
between,embeddings,pca,1,9,0.3869,0.4211
between,embeddings,pca,1,11,0.3838,0.4172
between,embeddings,pca,1,13,0.3840,0.4182
between,embeddings,pca,1,15,0.3845,0.4180
between,embeddings,pca,1,17,0.3829,0.4161
between,embeddings,pca,1,19,0.3829,0.4163
between,embeddings,relieff,1,1,0.3535,0.4230
between,embeddings,relieff,1,3,0.3482,0.4120
between,embeddings,relieff,1,5,0.3474,0.4085
between,embeddings,relieff,1,7,0.3400,0.4000
between,embeddings,relieff,1,9,0.3345,0.3940
between,embeddings,relieff,1,11,0.3309,0.3892
between,embeddings,relieff,1,13,0.3288,0.3862
between,embeddings,relieff,1,15,0.3275,0.3834
between,embeddings,relieff,1,17,0.3304,0.3857
between,embeddings,relieff,1,19,0.3290,0.3836
between,embeddings,all,2,1,0.4384,0.4756
between,embeddings,all,2,3,0.4330,0.4698
between,embeddings,all,2,5,0.4243,0.4606
between,embeddings,all,2,7,0.4216,0.4583
between,embeddings,all,2,9,0.4204,0.4561
between,embeddings,all,2,11,0.4169,0.4528
between,embeddings,all,2,13,0.4163,0.4523
between,embeddings,all,2,15,0.4186,0.4545
between,embeddings,all,2,17,0.4172,0.4521
between,embeddings,all,2,19,0.4164,0.4518
between,embeddings,pca,2,1,0.4028,0.4404
between,embeddings,pca,2,3,0.4035,0.4406
between,embeddings,pca,2,5,0.4025,0.4395
between,embeddings,pca,2,7,0.4005,0.4377
between,embeddings,pca,2,9,0.3983,0.4352
between,embeddings,pca,2,11,0.4044,0.4402
between,embeddings,pca,2,13,0.4014,0.4368
between,embeddings,pca,2,15,0.3957,0.4323
between,embeddings,pca,2,17,0.3950,0.4310
between,embeddings,pca,2,19,0.3976,0.4323
between,embeddings,relieff,2,1,0.3883,0.4454
between,embeddings,relieff,2,3,0.3875,0.4449
between,embeddings,relieff,2,5,0.3819,0.4388
between,embeddings,relieff,2,7,0.3813,0.4372
between,embeddings,relieff,2,9,0.3784,0.4350
between,embeddings,relieff,2,11,0.3810,0.4370
between,embeddings,relieff,2,13,0.3812,0.4366
between,embeddings,relieff,2,15,0.3832,0.4388
between,embeddings,relieff,2,17,0.3805,0.4353
between,embeddings,relieff,2,19,0.3777,0.4328
between,embeddings,all,3,1,0.4481,0.4848
between,embeddings,all,3,3,0.4468,0.4822
between,embeddings,all,3,5,0.4460,0.4802
between,embeddings,all,3,7,0.4439,0.4780
between,embeddings,all,3,9,0.4382,0.4718
between,embeddings,all,3,11,0.4401,0.4737
between,embeddings,all,3,13,0.4381,0.4722
between,embeddings,all,3,15,0.4393,0.4729
between,embeddings,all,3,17,0.4344,0.4689
between,embeddings,all,3,19,0.4323,0.4667
between,embeddings,pca,3,1,0.3917,0.4319
between,embeddings,pca,3,3,0.3914,0.4294
between,embeddings,pca,3,5,0.3901,0.4294
between,embeddings,pca,3,7,0.3930,0.4317
between,embeddings,pca,3,9,0.4008,0.4397
between,embeddings,pca,3,11,0.4031,0.4427
between,embeddings,pca,3,13,0.4030,0.4418
between,embeddings,pca,3,15,0.4056,0.4438
between,embeddings,pca,3,17,0.4044,0.4428
between,embeddings,pca,3,19,0.4103,0.4483
between,embeddings,relieff,3,1,0.4232,0.4755
between,embeddings,relieff,3,3,0.4268,0.4788
between,embeddings,relieff,3,5,0.4296,0.4826
between,embeddings,relieff,3,7,0.4330,0.4842
between,embeddings,relieff,3,9,0.4338,0.4848
between,embeddings,relieff,3,11,0.4322,0.4842
between,embeddings,relieff,3,13,0.4369,0.4884
between,embeddings,relieff,3,15,0.4396,0.4915
between,embeddings,relieff,3,17,0.4464,0.4979
between,embeddings,relieff,3,19,0.4473,0.5005
between,embeddings,all,4,1,0.4385,0.4735
between,embeddings,all,4,3,0.4260,0.4591
between,embeddings,all,4,5,0.4267,0.4608
between,embeddings,all,4,7,0.4249,0.4593
between,embeddings,all,4,9,0.4198,0.4545
between,embeddings,all,4,11,0.4217,0.4563
between,embeddings,all,4,13,0.4151,0.4504
between,embeddings,all,4,15,0.4160,0.4511
between,embeddings,all,4,17,0.4153,0.4513
between,embeddings,all,4,19,0.4157,0.4518
between,embeddings,pca,4,1,0.3919,0.4297
between,embeddings,pca,4,3,0.3884,0.4258
between,embeddings,pca,4,5,0.3968,0.4335
between,embeddings,pca,4,7,0.3951,0.4314
between,embeddings,pca,4,9,0.3952,0.4315
between,embeddings,pca,4,11,0.3957,0.4321
between,embeddings,pca,4,13,0.3948,0.4308
between,embeddings,pca,4,15,0.3959,0.4319
between,embeddings,pca,4,17,0.3968,0.4335
between,embeddings,pca,4,19,0.3943,0.4306
between,embeddings,relieff,4,1,0.4060,0.4600
between,embeddings,relieff,4,3,0.4134,0.4665
between,embeddings,relieff,4,5,0.4085,0.4604
between,embeddings,relieff,4,7,0.4102,0.4620
between,embeddings,relieff,4,9,0.4140,0.4652
between,embeddings,relieff,4,11,0.4111,0.4624
between,embeddings,relieff,4,13,0.4104,0.4606
between,embeddings,relieff,4,15,0.4116,0.4631
between,embeddings,relieff,4,17,0.4122,0.4640
between,embeddings,relieff,4,19,0.4126,0.4640
between,embeddings,all,5,1,0.4427,0.4812
between,embeddings,all,5,3,0.4352,0.4717
between,embeddings,all,5,5,0.4216,0.4555
between,embeddings,all,5,7,0.4230,0.4547
between,embeddings,all,5,9,0.4288,0.4584
between,embeddings,all,5,11,0.4251,0.4549
between,embeddings,all,5,13,0.4220,0.4520
between,embeddings,all,5,15,0.4242,0.4538
between,embeddings,all,5,17,0.4208,0.4501
between,embeddings,all,5,19,0.4174,0.4472
between,embeddings,pca,5,1,0.3748,0.4202
between,embeddings,pca,5,3,0.3708,0.4119
between,embeddings,pca,5,5,0.3752,0.4145
between,embeddings,pca,5,7,0.3808,0.4187
between,embeddings,pca,5,9,0.3822,0.4178
between,embeddings,pca,5,11,0.3863,0.4217
between,embeddings,pca,5,13,0.3869,0.4222
between,embeddings,pca,5,15,0.3871,0.4222
between,embeddings,pca,5,17,0.3871,0.4215
between,embeddings,pca,5,19,0.3856,0.4195
between,embeddings,relieff,5,1,0.3618,0.4346
between,embeddings,relieff,5,3,0.3566,0.4261
between,embeddings,relieff,5,5,0.3581,0.4256
between,embeddings,relieff,5,7,0.3556,0.4228
between,embeddings,relieff,5,9,0.3595,0.4254
between,embeddings,relieff,5,11,0.3593,0.4245
between,embeddings,relieff,5,13,0.3575,0.4221
between,embeddings,relieff,5,15,0.3599,0.4233
between,embeddings,relieff,5,17,0.3581,0.4217
between,embeddings,relieff,5,19,0.3563,0.4193
between,embeddings,all,6,1,0.4496,0.4878
between,embeddings,all,6,3,0.4533,0.4872
between,embeddings,all,6,5,0.4556,0.4876
between,embeddings,all,6,7,0.4537,0.4857
between,embeddings,all,6,9,0.4498,0.4828
between,embeddings,all,6,11,0.4511,0.4844
between,embeddings,all,6,13,0.4503,0.4833
between,embeddings,all,6,15,0.4491,0.4830
between,embeddings,all,6,17,0.4488,0.4828
between,embeddings,all,6,19,0.4478,0.4807
between,embeddings,pca,6,1,0.4193,0.4618
between,embeddings,pca,6,3,0.4217,0.4622
between,embeddings,pca,6,5,0.4240,0.4611
between,embeddings,pca,6,7,0.4216,0.4583
between,embeddings,pca,6,9,0.4250,0.4618
between,embeddings,pca,6,11,0.4229,0.4589
between,embeddings,pca,6,13,0.4256,0.4600
between,embeddings,pca,6,15,0.4255,0.4598
between,embeddings,pca,6,17,0.4257,0.4590
between,embeddings,pca,6,19,0.4298,0.4626
between,embeddings,relieff,6,1,0.4093,0.4663
between,embeddings,relieff,6,3,0.4107,0.4635
between,embeddings,relieff,6,5,0.4144,0.4659
between,embeddings,relieff,6,7,0.4138,0.4652
between,embeddings,relieff,6,9,0.4141,0.4653
between,embeddings,relieff,6,11,0.4143,0.4650
between,embeddings,relieff,6,13,0.4136,0.4642
between,embeddings,relieff,6,15,0.4130,0.4644
between,embeddings,relieff,6,17,0.4163,0.4668
between,embeddings,relieff,6,19,0.4159,0.4663
between,embeddings,all,7,1,0.4314,0.4645
between,embeddings,all,7,3,0.4317,0.4648
between,embeddings,all,7,5,0.4314,0.4659
between,embeddings,all,7,7,0.4278,0.4617
between,embeddings,all,7,9,0.4282,0.4617
between,embeddings,all,7,11,0.4268,0.4602
between,embeddings,all,7,13,0.4273,0.4604
between,embeddings,all,7,15,0.4238,0.4556
between,embeddings,all,7,17,0.4235,0.4556
between,embeddings,all,7,19,0.4224,0.4545
between,embeddings,pca,7,1,0.3761,0.4142
between,embeddings,pca,7,3,0.3763,0.4159
between,embeddings,pca,7,5,0.3820,0.4207
between,embeddings,pca,7,7,0.3834,0.4209
between,embeddings,pca,7,9,0.3850,0.4220
between,embeddings,pca,7,11,0.3805,0.4168
between,embeddings,pca,7,13,0.3803,0.4168
between,embeddings,pca,7,15,0.3794,0.4161
between,embeddings,pca,7,17,0.3776,0.4144
between,embeddings,pca,7,19,0.3777,0.4137
between,embeddings,relieff,7,1,0.3657,0.4321
between,embeddings,relieff,7,3,0.3673,0.4301
between,embeddings,relieff,7,5,0.3650,0.4277
between,embeddings,relieff,7,7,0.3667,0.4294
between,embeddings,relieff,7,9,0.3660,0.4277
between,embeddings,relieff,7,11,0.3710,0.4321
between,embeddings,relieff,7,13,0.3717,0.4323
between,embeddings,relieff,7,15,0.3766,0.4367
between,embeddings,relieff,7,17,0.3739,0.4345
between,embeddings,relieff,7,19,0.3738,0.4345
between,embeddings,all,8,1,0.4323,0.4652
between,embeddings,all,8,3,0.4288,0.4628
between,embeddings,all,8,5,0.4286,0.4614
between,embeddings,all,8,7,0.4283,0.4590
between,embeddings,all,8,9,0.4218,0.4518
between,embeddings,all,8,11,0.4228,0.4520
between,embeddings,all,8,13,0.4172,0.4456
between,embeddings,all,8,15,0.4186,0.4470
between,embeddings,all,8,17,0.4179,0.4459
between,embeddings,all,8,19,0.4173,0.4457
between,embeddings,pca,8,1,0.3858,0.4217
between,embeddings,pca,8,3,0.3827,0.4171
between,embeddings,pca,8,5,0.3854,0.4164
between,embeddings,pca,8,7,0.3896,0.4208
between,embeddings,pca,8,9,0.3853,0.4162
between,embeddings,pca,8,11,0.3855,0.4153
between,embeddings,pca,8,13,0.3861,0.4153
between,embeddings,pca,8,15,0.3869,0.4153
between,embeddings,pca,8,17,0.3839,0.4120
between,embeddings,pca,8,19,0.3835,0.4116
between,embeddings,relieff,8,1,0.3864,0.4498
between,embeddings,relieff,8,3,0.3871,0.4491
between,embeddings,relieff,8,5,0.3903,0.4538
between,embeddings,relieff,8,7,0.3928,0.4560
between,embeddings,relieff,8,9,0.3909,0.4529
between,embeddings,relieff,8,11,0.3890,0.4502
between,embeddings,relieff,8,13,0.3860,0.4463
between,embeddings,relieff,8,15,0.3870,0.4481
between,embeddings,relieff,8,17,0.3872,0.4481
between,embeddings,relieff,8,19,0.3874,0.4483
between,embeddings,all,9,1,0.4353,0.4651
between,embeddings,all,9,3,0.4453,0.4728
between,embeddings,all,9,5,0.4453,0.4719
between,embeddings,all,9,7,0.4484,0.4726
between,embeddings,all,9,9,0.4534,0.4772
between,embeddings,all,9,11,0.4455,0.4693
between,embeddings,all,9,13,0.4511,0.4743
between,embeddings,all,9,15,0.4500,0.4733
between,embeddings,all,9,17,0.4495,0.4732
between,embeddings,all,9,19,0.4518,0.4741
between,embeddings,pca,9,1,0.3987,0.4343
between,embeddings,pca,9,3,0.4052,0.4371
between,embeddings,pca,9,5,0.4067,0.4358
between,embeddings,pca,9,7,0.4105,0.4382
between,embeddings,pca,9,9,0.4134,0.4400
between,embeddings,pca,9,11,0.4174,0.4424
between,embeddings,pca,9,13,0.4145,0.4393
between,embeddings,pca,9,15,0.4134,0.4372
between,embeddings,pca,9,17,0.4166,0.4405
between,embeddings,pca,9,19,0.4149,0.4382
between,embeddings,relieff,9,1,0.4115,0.4556
between,embeddings,relieff,9,3,0.4092,0.4495
between,embeddings,relieff,9,5,0.4120,0.4495
between,embeddings,relieff,9,7,0.4087,0.4446
between,embeddings,relieff,9,9,0.4131,0.4495
between,embeddings,relieff,9,11,0.4147,0.4508
between,embeddings,relieff,9,13,0.4121,0.4484
between,embeddings,relieff,9,15,0.4129,0.4491
between,embeddings,relieff,9,17,0.4169,0.4532
between,embeddings,relieff,9,19,0.4156,0.4512
between,embeddings,all,10,1,0.4526,0.4846
between,embeddings,all,10,3,0.4500,0.4784
between,embeddings,all,10,5,0.4527,0.4809
between,embeddings,all,10,7,0.4448,0.4730
between,embeddings,all,10,9,0.4440,0.4719
between,embeddings,all,10,11,0.4462,0.4757
between,embeddings,all,10,13,0.4472,0.4757
between,embeddings,all,10,15,0.4475,0.4755
between,embeddings,all,10,17,0.4479,0.4757
between,embeddings,all,10,19,0.4495,0.4787
between,embeddings,pca,10,1,0.4021,0.4424
between,embeddings,pca,10,3,0.4018,0.4428
between,embeddings,pca,10,5,0.3982,0.4380
between,embeddings,pca,10,7,0.4017,0.4407
between,embeddings,pca,10,9,0.4021,0.4398
between,embeddings,pca,10,11,0.3981,0.4373
between,embeddings,pca,10,13,0.4030,0.4412
between,embeddings,pca,10,15,0.4063,0.4442
between,embeddings,pca,10,17,0.4066,0.4449
between,embeddings,pca,10,19,0.4051,0.4437
between,embeddings,relieff,10,1,0.4055,0.4628
between,embeddings,relieff,10,3,0.3988,0.4526
between,embeddings,relieff,10,5,0.3988,0.4530
between,embeddings,relieff,10,7,0.4005,0.4560
between,embeddings,relieff,10,9,0.4021,0.4564
between,embeddings,relieff,10,11,0.4048,0.4601
between,embeddings,relieff,10,13,0.4067,0.4639
between,embeddings,relieff,10,15,0.4088,0.4646
between,embeddings,relieff,10,17,0.4101,0.4675
between,embeddings,relieff,10,19,0.4126,0.4710
